"Paleis op de Dam","1365"
"Centraal Station","969"
"Artis","820"
"Wilhelmina Gasthuis","813"
"Munttoren","796"
"Nieuwe Kerk","747"
"Waag (Nieuwmarkt)","689"
"Gemeentearchief Amsterdam","606"
"Rijksmuseum","518"
"Burgerweeshuis (Kalverstraat)","419"
"Concertgebouw","401"
"Stadsschouwburg","389"
"Scheepvaarthuis","365"
"Binnengasthuis","355"
"Paleis voor Volksvlijt","348"
"Koninklijk Theater Carré","311"
"Europahal (RAI)","307"
"Noorderkerk","301"
"Felix Meritis","285"
"Amstelhof","277"
"Amsterdamse Droogdok Maatschappij","277"
"Havengebouw","257"
"Trippenhuis","255"
"De Bazel","236"
"De Bijenkorf|Beurs van Zocher","235"
"Zuiderkerk","234"
"Westerkerk","223"
"Nieuwe Werkhuis","220"
"Ronde Lutherse Kerk","219"
"Maagdenhuis","211"
"Sint Olofskapel","207"
"Vondelkerk","203"
"Olympisch Stadion","197"
"Frankendael","191"
"Sint Nicolaaskerk","188"
"Hortus Botanicus","184"
"Scheepvaartmuseum","180"
"Nieuwe Oosterbegraafplaats","176"
"Amstelkerk","171"
"Oude Kerk","170"
"Oosterkerk","167"
"Huis Bartolotti","160"
"Grote Walenkerk","155"
"Engelse kerk","154"
"Amstel Hotel","154"
"Montelbaanstoren","151"
"Koopmansbeurs","137"
"Paleis van Justitie","135"
"Koninklijk Instituut voor de Tropen","134"
"Muiderpoort","132"
"werf Monumentenzorg","127"
"Ajax Stadion (De Meer)","124"
"West-Indisch Huis","120"
"Oude Lutherse Kerk","114"
"Amstelstation","113"
"Mozes en Aäronkerk","112"
"Agnietenkapel","109"
"Haarlemmerpoort","106"
"Tuschinski Theater","106"
"Hollandsche Manege","99"
"Apollohal","96"
"De Posthoorn (R.K. Kerk)|Posthoornkerk","95"
"Westergasfabriek","93"
"Onze Liever Heer op Zolder","86"
"Waalse Kerk","83"
"Oost-Indisch Huis","75"
"Huis met de Hoofden","72"
"Beurs van Berlage","70"
"Leidsepoort","69"
"De Krijtberg (R.K. Kerk)","66"
"Huis met de Kabouters","62"
"Engelse Episcopale Kerk","61"
"Barlaeus Gymnasium","59"
"De Rode Hoed","59"
"Rembrandthuis","58"
"De Gooyer (molen)","54"
"Frascati","52"
"Concertgebouw|Concertgebouw","50"
"De Duif","49"
"Dominicuskerk","49"
"Het Lam","49"
"Anne Frankhuis","48"
"Stadsbank van Lening","45"
"Scharrebiersluis","43"
"Victoria Hotel","42"
"Paleis op de Dam|Paleis op de Dam","42"
"Oranje Nassaukazerne","42"
"Huis de Neufville","41"
"RedemptoristenKerk","40"
"Gemeenlandshuis","39"
"Hollandsche Schouwburg","38"
"Nieuwezijds Kapel","38"
"Begraafplaats Zorgvlied","38"
"Portugees-Israëlitische Synagoge","37"
"Apollohal|Apollohal","36"
"Begijnhof","36"
"Rozenkranskerk","34"
"Nieuw Entrepotdok","34"
"Van Goghmuseum","33"
"Bushuis","33"
"muiderkerk","33"
"American Hotel","32"
"Effectenbeurs","32"
"Museum van Loon","32"
"Burgerweeshuis (IJsbaanpad)","31"
"Marine-etablissement","31"
"Arti et Amicitiae","31"
"Nieuwe Waalse Kerk","30"
"Stadsschouwbug","30"
"Gouden Hoofd","30"
"Nederlands Israëlitische Hoofdsynagoge","29"
"Aalsmeerder Veerhuis","29"
"Huis De Pinto","29"
"De Posthoorn (R.K. Kerk)","26"
"Sint Augustinuskerk","26"
"Huis de Vicq","26"
"Torensluis","25"
"Odeon","25"
"Deutzenhofje","24"
"Grill's Hofje","24"
"Asscher, Diamantslijperij","24"
"Nieuwe Suykerhofje","24"
"Vondelparkpaviljoen","23"
"Schreierstoren","22"
"Swigtershofje","22"
"amsterdams historisch museum","22"
"Paleis op de Dam|Nieuwe Kerk","21"
"Houten Huis","21"
"Gerardus Majellakerk","21"
"Posthoornkerk","20"
"Nieuwe Kerk|Paleis op de Dam","20"
"Het Schip","20"
"R.K. Onze Lieve Vrouwekerk","20"
"De Dolphijn","19"
"Uilenburger Synagoge","19"
"Begijnhofkapel","19"
"Oudemanhuispoort","19"
"Bethaniënklooster","19"
"Geelvinck Hinlopen Huis","19"
"Rotterdamse Bank","18"
"Wiegbrug","18"
"Allard Pierson Museum","17"
"Klene's suikerwarenfabriek ","17"
"marine etablissement","17"
"De Swaen","17"
"Gebouw Mercurius","16"
"Artis Bibliotheek","16"
"Bedrijfsmuseum GEB","16"
"Korenmetershuisje","16"
"Wolkenkrabber","16"
"De Papegaai","16"
"Magere Brug","16"
"Andrieskerk","16"
"Eenhoornsluis","15"
"Huis van Brienen","15"
"Museum Willet-Holthuysen","14"
"Anslo's Hofje","14"
"Zon's Hofje","14"
"Gildewapen","14"
"De Otter (Houtzaagmolen)","14"
"GEB Bedrijfsmuseum","13"
"Maison de Van Doesburg","13"
"Hodshon-Dedelhof","13"
"Amsterdams Lyceum","13"
"Venetiaehofje","13"
"Keizersgrachtkerk","13"
"Die Port van Cleve","13"
"Heiligewegbad","13"
"Sonnenberg","12"
"huize Lydia","12"
"Parkkerk","12"
"Huiszittenweduwenhof","12"
"Hogesluis","12"
"Molen de Otter","12"
"Corvershof","12"
"'t Aepje","12"
"Suykerhofje","11"
"Het Houten Huys","11"
"de nieuwe ooster begraafplaats","11"
"Blauwbrug","11"
"scheepswerf 't Kromhout","11"
"Zuiderbad","11"
"Huize Van Brienen","11"
"Zeemanshuis","11"
"Onze Lieve Vrouwekerk ","10"
"Huis Marseille","10"
"Dr. Sarphatihuis","10"
"Cromhouthuizen","10"
"Paradiso","10"
"Klene Fabriek","10"
"Nieuwe Kerk|Nieuwe Kerk","10"
"Stadsschouwburg|Leidsepoort","10"
"r.k. kerk de Liefde","10"
"R.K. Onze Lieve Vrouwe Kerk","10"
"Goethe Instituut","10"
"Chocoladefabriek Korff","10"
"Lutherse Diaconessen Weeshuis","10"
"Oud Leyerhoven","9"
"'t Zonnehuis","9"
"Aquariumgebouw van Artis","9"
"Platanenhof","9"
"Haarlemmermeerstation","9"
"Centraal Station|Noord-Zuid Hollandsch Koffiehuis","9"
"Kalenderpanden","9"
"Krijtmolen d'Admiraal","9"
"Nieuwe Synagoge","9"
"Fontainehofje","8"
"Amstelrust","8"
"Makelaarsbruggetje","8"
"Looiershofje","8"
"Ons' Lieve Heer op Solder","8"
"Berlagebrug","8"
"Regenboogs-liefdehofje","8"
"Poppenhuis","8"
"Kolksluis","8"
"Lutherse Diaconesseninrichting ","8"
"Hodshon Dedelhof","8"
"Beurs van Hendrick de Keyser","8"
"Ceintuur Theater","8"
"Sint Jansbrug","8"
"Pakhuis Insulinde","8"
"De Otter","7"
"Huis aan de Drie Grachten","7"
"Hallen van Stork","7"
"Zevenlandenhuizen","7"
"Stadhuis-Muziektheater","7"
"Nieuwendammerkerk","7"
"Werf 't Kromhout","7"
"warenhuis Metz","7"
"Tropenmuseum","7"
"Brants-Rus Hofje","7"
"Villa Heineken","7"
"Oranjebrug","7"
"Nieuwe Amstelbrug","7"
"Armeens-apostolische Kerk","7"
"Rechtbank Amsterdam","7"
"Lloyd Hotel","7"
"Onze Lieve Vrouwe Kerk","7"
"Van Brants Rushofje","7"
"Entrepotdok","7"
"het Looijershofje","6"
"Sint Agneskerk","6"
"Rapenhofje","6"
"Burgerziekenhuis","6"
"Handboogdoelen","6"
"Zuidergasfabriek","6"
"Kraansluis","6"
"Grimnessesluis","6"
"Flatgebouw Westhove","6"
"De Drie Gekroonde Haringen","6"
"Schottenburch","6"
"Sint Jorishof","6"
"Het Huis met de Hoofden","6"
"Gebouw Odeon","6"
"Wertheimpark","6"
"Sint Ritakerk","6"
"Sociale Verzekeringsbank","6"
"Sportfondsenbad-Oost","6"
"Ons Lieve Heer op Solder","6"
"Hotel Krasnapolsky","6"
"Bijbels Museum","6"
"Tolhuis","6"
"Postsorteercentrum PTT-Post","6"
"Pakhuis de Keizerskroon","6"
"Gebouw Algemeen Handelsblad","6"
"Grote Synagoge","6"
"Overtoomsesluis","5"
"Tichelkerk","5"
"Prinsenhof","5"
"Mr. Harm Smeengeschool","5"
"Nieuw Leyerhoven","5"
"Occo's Hofje","5"
"Pakhuis De Zwijger","5"
"Gebouw Astoria","5"
"Bethelkerk","5"
"Obrechtkerk","5"
"N.H. kerk","5"
"politieburo warmoesstraat","5"
"De Bijenkorf","5"
"slooppand","5"
"Dubbeltjespanden","5"
"Amsterdam Arena","5"
"Oosterkerk|Oosterkerk","5"
"Kikkerbilsluis","5"
"Houten Huys","5"
"Stedelijk Museum","5"
"Huis Joan Poppen","5"
"Huis De Dolphijn","5"
"Van Brienenhofje","5"
"Willemsbrug","5"
"Sint Nicolaaskerk|Schreierstoren","5"
"Sloterdijkerbrug","5"
"Deli gebouw","5"
"Rasphuis","5"
"Kleine Komedie","5"
"Hofje Van Brienen","5"
"Constantiahofje","5"
"Constantia-Woningen","5"
"Bethlehemkerk","5"
"Hirsch-gebouw","5"
"Van Gendthallen","5"
"Noord-Zuid Hollandsch Koffiehuis","5"
"VOC pakhuizen","5"
"De Gooyer (molen)|Brouwerij 't IJ","5"
"Brug 80","5"
"Huis Saxenburg","5"
"Sint Elisabeth Gesticht","5"
"Het Grill's Hofje","5"
"Lekstraatsynagoge","5"
"Schellingwouderkerk","5"
"Bedrijfsmuseum G.E.B.","5"
"'s Lands Zeemagazijn","4"
"de Kleine Komedie","4"
"N.H. Sloterkerk","4"
"Purmerschool","4"
"N.H. kerk Zunderdorp","4"
"gevelsteen","4"
"Prinses Julianaschool","4"
"Zeven Keurvorstenhofje","4"
"Lau Mazirelbrug","4"
"Petrus en Pauluskerk","4"
"Leidsepoort|Stadsschouwburg","4"
"Prinsessekerk","4"
"pakhuizen","4"
"Nieuw Apostolische kerk","4"
"Westhove","4"
"Bungehuis","4"
"Amstelsluizen|Theater Carré","4"
"Sint Andrieshof","4"
"De Burcht","4"
"Oranje-Nassau Kazerne","4"
"Blauwbrug|Brug 236","4"
"Hofkerk","4"
"Koning Willemshuis","4"
"De Spaanse Gevel","4"
"Oranjekerk","4"
"Academie van Bouwkunst","4"
"Nassaukerk","4"
"Academie voor Bouwkunst","4"
"Venetiahofje","4"
"hoofdpostkantoor","4"
"Brug 41","4"
"Van Brienens hofje","4"
"Jeruzalemkerk","4"
"Koninklijk Instituut voor de Tropen|Tropenmuseum","4"
"Brug 102","4"
"Nederlandsch-Indische Handelsbank","4"
"West-Indisch Pakhuis","4"
"Vondelmonument","4"
"De vier Heemskinderen","4"
"Bantammerbrug","4"
"Diaconieweeshuis der Nederlands Hervormde gemeente","4"
"Westertoren","4"
"Rechthuys","4"
"Hofje de Star","4"
"Twentsche Bank","4"
"Karthuizerhof","4"
"Gemeentelijk Handelsentrepot","4"
"Amstelsluizen|Koninklijk Theater Carré","4"
"Vuurtoren Hoek van 't IJ","4"
"Wijnkopersgildehuis","4"
"Cinema Parisien","4"
"Armeens Apostolische Kerk","4"
"Bredero-monument","4"
"Schreierstoren|Sint Nicolaaskerk","4"
"Kasteel van Aemstel","4"
"Engelse Hervormde Kerk","4"
"Nederlands Hervormde Kerk","4"
"Pakhuis Wilhelmina","4"
"Brug 252","4"
"straatmeubilair","4"
"Rozenhofje","4"
"Stationspostkantoor ","4"
"Theater Carré","4"
"Tingel Tangel Theater","4"
"'s Lands Zeemagazijn|Scheepvaartmuseum","4"
"Melkmeisjesbrug","4"
"Eerste Openluchtschool voor het gezonde kind","4"
"Het Glazen Huis","4"
"Brug 68","4"
"Nieuwe Walenkerk","4"
"Brug 67","4"
"Oudhoornse Kerk","4"
"De Keizerskroon","3"
"Gemaal Akersluis","3"
"Eerste Openbare Handelsschool","3"
"vogeldorp","3"
"Huize Van Loon","3"
"Vondelpark","3"
"Oostergasfabriek","3"
"Lizzy Cottage","3"
"Joods Historisch Museum","3"
"Brandweerkazerne Hendrik","3"
"De Wolkenkrabber","3"
"Lijnbaansbrug","3"
"Van Dongeschool","3"
"Museum Het Schip","3"
"Korenbeurs","3"
"'t Witte Huys","3"
"De Bijenkorf|Beurs van Berlage","3"
"R.K. Armenkantoor","3"
"Synagoge Uilenburg","3"
"Pakhuis de twee Stokvissen","3"
"muziekkoepel","3"
"r.k. kerk de Zaaier","3"
"Blauwe Theehuis","3"
"groenlandse pakhuizen","3"
"Cabotschool","3"
"Emmamonument","3"
"Oranje Nassau Kazerne","3"
"Haarlemmerpoort|Willemspoort","3"
"Rijksmuseum|Concertgebouw","3"
"R.K. Sint Agneskerk","3"
"Carlton Hotel","3"
"Blauwbrug|Stadhuis-Muziektheater","3"
"museum Willet Holthuysen","3"
"Hogesluis|Amstel Hotel","3"
"Broenshofje","3"
"Portugees-Israëlitische Seminarie","3"
"Hotel De L'Europe","3"
"Brug 223","3"
"R.K. kerk Sint Pancratius","3"
"Stoomgemaal Willemspark","3"
"Koninklijke Hollandsche Lloyd","3"
"Brug 63","3"
"World Trade Center","3"
"Gemeentearchief Amsterdam|Asscher, Diamantslijperij","3"
"Koopermolen","3"
"school","3"
"Minangkabause Huis","3"
"Oranje-Nassaukazerne","3"
"Noordergasfabriek","3"
"Gebouw Hermes","3"
"Raepenhofje","3"
"Nieuwe Werkhuis|Dr. Sarphatihuis","3"
"Lindenhofje","3"
"Scheierstoren","3"
"dierentuin artis","3"
"Natura Artis Magistra","3"
"Augustinuskerk","3"
"Vierde Ambachtsschool","3"
"Hirschgebouw","3"
"Villa Oud Leyerhoven","3"
"Scheepswerf ‘t Kromhout","3"
"Raw Aron Schuster Sjoel","3"
"reliëf","3"
"De Balie","3"
"grafsteen","3"
"grafmonument","3"
"Centraal Station|Sint Nicolaaskerk","3"
"Anslohofje","3"
"Waag (Nieuwmarkt)|Zuiderkerk","3"
"Van Brants-Rushofje","3"
"Multatuli museum","3"
"Sint Willibrorduskerk","3"
"Amstelsluizen","3"
"In 't Aepjen","3"
"Brug 283","3"
"Sint Rosa klooster","3"
"Sint Rosaklooster","3"
"Brug 43","3"
"Mariniersbrug","3"
"Brug 32","3"
"Herberg Zeeburg","3"
"Het Gouden Hoofd","3"
"Dubbelpakhuis Schottenburch","3"
"Huis ""De Dolphijn""","3"
"Sint Pancratiuskerk","3"
"Hugo de Vrieslaboratorium","3"
"Claes Reiniersz. Hofje","3"
"De Oude Werf","3"
"R.K. Sint Pancratiuskerk","3"
"Karthuizershof","3"
"Brug 419|Hildo Kropbrug","3"
"Fontaine Hofje","3"
"Brug 110","3"
"Scheepvaartmuseum|'s Lands Zeemagazijn","3"
"Claes Claeszhofje","2"
"Cinema Hollandia","2"
"Huize Weeresteyn","2"
"Gesticht de Eendracht","2"
"Toneelmuseum","2"
"De Bijenkorf|Beurs van Zocher|Paleis op de Dam","2"
"Zorgvlied","2"
"gebouw Industria","2"
"nederlandse bank","2"
"Leliesluis","2"
"Rode Hoed","2"
"Rijksmagazijn voor geneesmiddelen","2"
"Paviljoen Het Tolhuis","2"
"De Bijenkorf|Beurs van Zocher|Koopmansbeurs","2"
"Ons’ Lieve Heer op Solder","2"
"Villa Reens","2"
"Werkspoor","2"
"Zwaardvegershofje","2"
"Sint Pietershal","2"
"Sint Bernardusgesticht","2"
"Bullebak","2"
"Sint Elisabethgesticht","2"
"Sloterkerk","2"
"Eben Haëzer","2"
"Gebouw De Koophandel","2"
"Maria Magdalenakerk","2"
"vleeshal","2"
"d'Leeuwenburgh","2"
"'t Blauwe Theehuis","2"
"Blauwbrug|Mozes en Aäronkerk","2"
"Burcht van Berlage","2"
"eerste openluchtschool","2"
"de galerij","2"
"universiteitsbibliotheek|Handboogdoelen","2"
"betondorp","2"
"Beurs van Berlage|Effectenbeurs","2"
"Jacob Obrechtkerk","2"
"korbeel","2"
"bibliotheek Artis","2"
"Palmgrachtschool","2"
"Rotterdamsche Bank","2"
"Walenweeshuis","2"
"Muiderkerk|","2"
"Hervormde kerk Holysloot","2"
"Brug 410|Amsterdams Lyceum","2"
"Engelse kerk|Begijnhof","2"
"Mirakelkolom","2"
"Riekermolen","2"
"Sleutelbrug","2"
"Vergulde Eenhoorn","2"
"Rijksacademie voor Beeldende Kunsten","2"
"Scheepvaarthuis|Scheepvaartmuseum","2"
"Stadsturfpakhuizen","2"
"De Waterhond","2"
"Kweekschool voor Vroedvrouwen","2"
"verzorgingstehuis de RietVinck","2"
"Pakhuis De Kruiwagen","2"
"Pestalozzischool","2"
"Brinkhuis","2"
"Femina Muller Kleine-Kinderen Bewaarplaats","2"
"Gebouw Handelsinlichtingen","2"
"Cavalleriekazerne","2"
"Arsenaal","2"
"Rijkskledingmagazijn","2"
"Nieuwe Kerk|Oude Kerk","2"
"Paedologisch instituut","2"
"Raepenhofje|Bosschehofje","2"
"Raw Aron Schuster-Synagoge","2"
"Westerkerk|Nieuwe Kerk|Paleis op de Dam","2"
"De Posthoorn (R.K. Kerk)|Posthoornkerk|Havengebouw","2"
"Stoofbrug","2"
"Cineac","2"
"Pakhuis Mercurius","2"
"Vierwindstrekenbrug","2"
"Noordschebrug","2"
"Antonie van Leeuwenhoekhuis","2"
"Oude Kerk|Schreierstoren","2"
"Coymanshuis","2"
"Luthers verpleegtehuis","2"
"Zwembad Zuiderbad","2"
"Artis Bibilotheek","2"
"Beurs van Zocher","2"
"Diamantslijperij Asscher","2"
"Villa Quisisana","2"
"Gebouw New York","2"
"gebouw handelsvereniging Amsterdam","2"
"Effectenbeurs|Oude Kerk","2"
"Brandweerkazerne Bernard","2"
"Hodshon-Dedelhofje","2"
"Mozes en Aäronkerk|Blauwbrug|Stadhuis-Muziektheater","2"
"Hoge Sluis","2"
"Moens hofje","2"
"de Utrecht","2"
"het huis met de kabouters","2"
"Nijlpaardenbrug","2"
"Nieuwe Entrepotdok","2"
"Niek Engelschmanbrug: brug 106","2"
"|Trippenhuis","2"
"De Dageraad","2"
"amsterdamse school","2"
"Pier 10","2"
"oranje nassaukazerne|Oranje Nassaukazerne","2"
"Cinétol","2"
"Neptunus","2"
"Waag","2"
"Hogere Zeevaartschool","2"
"Sociëteit Arti et Amicitiae","2"
"Zeemanlaboratorium","2"
"Hofje De Zeven Keurvorsten","2"
"Claes Claesz hofje","2"
"Bijbelsmuseum","2"
"Vader en Zoon","2"
"Hillehuis","2"
"Justitie-gebouwen","2"
"Westerkerkstoren","2"
"Drieharingenbrug","2"
"Emma Kinderziekenhuis","2"
"Kweekschool voor de Zeevaart","2"
"Ceintuurtheater","2"
"Lutherhof","2"
"Vrijmetselaarsloge","2"
"Magere Brug|Amstelsluizen","2"
"Theater De Balie","2"
"Museum Overholland","2"
"pakhuis Houtman","2"
"Gemeentelijk Badhuis","2"
"Koninklijk Theater Carré|Amstelsluizen","2"
"Apollo House","2"
"Haarlemmerbrug","2"
"vuurtoren","2"
"Beurs van Berlage|Nationaal Monument","2"
"Amsterdamsch Tehuis voor Arbeiders","2"
"Hamer- en Bouwershof","2"
"Vondelkerk|Hollandsche Manege","2"
"Kattenkabinet","2"
"Geelvinck-Hinlopen Huis","2"
"Haarlemmersluis","2"
"Weesperpoortstation","2"
"Onze Lieve Vrouwe Kerk|Westerkerk","2"
"Ezelsbrug","2"
"Magna Plaza","2"
"Burgemeester Tellegenhuis|Maupoleum","2"
"Vier Heemskinderen","2"
"Openbare Leeszaal","2"
"Multatuli Huis","2"
"Engelse Hervomde Kerk","2"
"Begijnhof|Engelse kerk","2"
"Montelbaanstoren|Zuiderkerk","2"
"West-Indische pakhuizen","2"
"d' Admiraal (molen)","2"
"Zwembad Heiligeweg","2"
"Hendrick Jacobsz. Staetsbrug","2"
"Brug 222","2"
"Lommertbrug","2"
"Willem I-sluis","2"
"molen d'Admiraal","2"
"Centraal Station|Stationspostkantoor ","2"
"Hervormde Kerk Durgerdam","2"
"Huize Frankedael","2"
"Nederlands Israëlitische Hoofdsynagoge|Mozes en Aäronkerk","2"
"Het West-Indisch Huis","2"
"opgraving","2"
"van Brienenhuis","2"
"Stellingmolen de Gooyer","2"
"Hoogduits Synagogecomplex","2"
"Het Nieuw Suykerhofje","2"
"De Hollandsche Manege","2"
"Havencentrale Oost","2"
"GEB huisje","2"
"Lekkeresluis","2"
"Lutherkapel","2"
"Doelen hotel","2"
"Koffiepellerij Insulinde","2"
"Huis Huydecoper","2"
"Theo Thijssenschool","2"
"Brug 38|Brug 39","2"
"Claes Reinierszhofje","2"
"Montelbaanstoren|Nieuwe Werkhuis","2"
"De Hond","2"
"Boomkerk","2"
"Handboogdoelen|Bushuis","2"
"Doopsgezinde kerk Het Lam","2"
"Kantoor Westergasfabriek","2"
"Marnixschool","2"
"Brug 93","2"
"Beulingsluis|Brug 27","2"
"Brug 38","2"
"Brug 220|Doelensluis","2"
"Nederlands-Indische Handelsbank","2"
"Dubbeltjeshuizen","2"
"Scheepvaarthuis|Kraansluis","2"
"Sint Andrieshofje","2"
"Hofje van de weduwe Roosen","2"
"Universiteitstheater","2"
"Cornelis Krusemanschool","2"
"Boerderij de Melkweg","2"
"D'Witte Leli","2"
"Brug 98","2"
"Huis Messina","2"
"Waalkerk","2"
"Brug 297","2"
"Amstel-Badhuis","2"
"Kantoorgebouw Nieuw Amsterdam","2"
"Brug 30","2"
"Iepenbrug","2"
"Huize Zonnehoek","2"
"Bushuissluis","1"
"Villa Cato","1"
"oeil-de boeuf","1"
"Molen De Korenbloem","1"
"|Rapenhofje","1"
"art nouveau stijl","1"
"De Pauw (molen)","1"
"Leidsebrug","1"
"Stadsschouwbug|Hirsch gebouw","1"
"marmottenhuis","1"
"Stadhuis Weesp","1"
"P.C. Hoofthuis","1"
"tempel","1"
"Café-Koffiehuis De trein","1"
"Werkspoormuseum","1"
"|Willemsbrug","1"
"Centraal Station|Noord-Zuid Hollandsch Koffiehuis|Havengebouw","1"
"Sint Vincentiusschool ","1"
"Scheepvaarthuis|'s Lands Zeemagazijn|Montelbaanstoren","1"
"Kantoorgebouw ""Noortse Bosch""","1"
"|Scheepvaartmuseum","1"
"Brug 151|Willemsbrug","1"
"Muiderpoortstation","1"
"Regenboog Liefdehofje","1"
"Concertgebouw|Stedelijk Museum","1"
"Claes Claeszhofje|Anslo's hofje","1"
"Diamantbeurs","1"
"Cynthia Hotel","1"
"Willem de Zwijgerkerk","1"
"Binnengasthuis|Brug 218","1"
"Molen 'De Korenbloem'","1"
"Hofje Liefde is het Fondament","1"
"Haarlemmersluis|","1"
"Nieuwe Kerk|Ronde Lutherse Kerk|Mozes en Aäronkerk","1"
"Makelaars Comptoir","1"
"Sint Nicolaaskerk|","1"
"Dorpskerk Holysloot","1"
"Karthuizerhofje|Huiszittenweduwenhof","1"
"Leprozenpoort","1"
"Fysiologisch Laboratorium","1"
"Sint-Pancratiuskerk","1"
"Villa Rosa","1"
"Roode Huys|De Wildeman","1"
"De Witte Lelie","1"
"beurspoortje","1"
"kraamkliniek van binnengasthuis","1"
"restauratiepand","1"
"Westerkerk|Noorderkerk|Oude Kerk|Zuiderkerk","1"
"De Nieuwe Oosterbegraafplaats","1"
"Telegraafgebouw","1"
"Bloemenmarkt","1"
"Zuiderschool","1"
"De Zeven Provinciën|Overyssel|Utrecht|Holland|Gelderland|Zeeland|Vriesland|Groeningen","1"
"Pieter Goemansbrug","1"
"Stadsturfpakhuizen|Arsenaal","1"
"|Stadsbank van Lening","1"
"Centraal Station|Noord-Hollands Koffiehuis","1"
"Hofje van Venetië","1"
"Sandrina Louisa Geertruida Holthuysen Stichting","1"
"Cromhoutpanden","1"
"Oude Lutherse Kerk|Ronde Lutherse Kerk","1"
"Sint-Ritakerk","1"
"Huis van Loon","1"
"Sint-Willibrordus buiten de Veste","1"
"Centraal Station|Waag (Nieuwmarkt)","1"
"Sarphatihuis","1"
"Oud-Katholieke Kerk","1"
"Rijksbelastingkantoor","1"
"Beurs van Berlage|warenhuis de Bijenkorf","1"
"politiebureau","1"
"'t Binnenhuis","1"
"Universiteits Bibliotheek|Handboogdoelen","1"
"Jachthaven de Omval ","1"
"Koninklijk Theater Carré|Hogesluis","1"
"de Zaaier","1"
"Handboogdoelen|Universiteitsbibliotheek","1"
"Zonnehuis","1"
"Aquariumgebouw","1"
"Pakhuis de Eikeboom","1"
"museumscheepswerf 't Kromhout","1"
"gevelsteen leggen van eerste steen ","1"
"De Eikeboom","1"
"Huis de Pinto|Zuiderkerk","1"
"urinoir","1"
"het blauwe theehuis|Blauwe Theehuis","1"
"monument van Vondel","1"
"Hogesluis|Brug 246|theater Carré","1"
"Het Blauwe Theehuis","1"
"De Palmboom","1"
"Bewaarschool Amsterdams Welvaren","1"
"jachthaven Berlage|Brug 324|Berlagebrug","1"
"diamantbewerkersbond","1"
"Berlagebrug|Brug 423","1"
"watertoren","1"
"eerste openbare handelsschool|Brug 98","1"
"anslo's hof","1"
"scheepswerf 't Kromhout|Brug 80","1"
"kantoor van het NIOD","1"
"krul","1"
"café Noord Holland 1907","1"
"Hogesluis|Brug 246","1"
"sierlantaarnpaal","1"
"warenhuis Metz|Brug 43","1"
"het huis aan de 3 grachten","1"
"	Eerste Openluchtschool voor het Gezonde Kind","1"
"kinderkliniek binnengasthuis","1"
"Oude Kerk|Ons'Lieve Heer op Solder","1"
"Hogesluis|Theater Carré","1"
"gasthuispoort","1"
"Blauwbrug|Stopera","1"
"|Brug 266|vierde ambachtschool","1"
"Montelbaanstoren|Sint Antoniesluis","1"
"politiepost|cafetaria","1"
"Brug 223|Brug 225","1"
"ingestort pand","1"
"gevelsteen hand met kroon","1"
"gemeentegirobus","1"
"balkenconstructie","1"
"|Scheepswerf 't Kromhout","1"
"Overhoekstoren","1"
"Dr. Dünnerbrug","1"
"Brug 42","1"
"Bossche Hofje|Raepenhofje","1"
"gemaal","1"
"De Krakeling","1"
"Lettergieterij Tetterode","1"
"Rijpenhofje|r.k. kerk de Zaaier","1"
"pakhuis de pelikaan","1"
"Boomspijker|Jan de Liefde-school","1"
"Centraal Station|Zilveren Toren|Havengebouw|Ibis Hotel","1"
"Huis Neufville","1"
"Muziektheater|Blauwbrug","1"
"Westerkerk|De Duif","1"
"Raphaëlpleinkerk","1"
"Westerkerk|Ronde Lutherse Kerk","1"
"Roothaanhuis","1"
"Oost-Indisch Huis|Paleis op de Dam","1"
"Centraal Station|Dominicuskerk","1"
"Stadhuis","1"
"Gebouw Zuid-Holland","1"
"Gebouw voor den Koffiehandel","1"
"Huize Halve Maen","1"
"effectenkantoor","1"
"De Bijenkorf|Beurs van Zocher|Nieuwe Kerk|Paleis op de Dam","1"
"Elisabeth Otter Knol Stichting","1"
"Eben Haëzerschool","1"
"De Drie Fleschjes","1"
"Westergasfabriek|Westelijke bazenwoning","1"
"Doelenhotel","1"
"Villa Klatte","1"
"'t Kasteel van Aemstel","1"
"Hugo de Vries Laboratorium","1"
"Felix Meritis|Trippenhuis|Agnietenkapel","1"
"Badhuis Vogeldorp","1"
"Joop Westerweelschool","1"
"De Drie Haringen","1"
"Stadhuis-Muziektheater|Blauwbrug","1"
"Huis van Bewaring|Paradiso","1"
"Cronenburg","1"
"|Bioscoop Cinétol","1"
"Spinhuis","1"
"Molen ""de Hoop"" in Nieuwendam","1"
"Rembrandttoren|GEB Bedrijfsmuseum","1"
"Hofje Concordia Zuid ","1"
"jachthaven schellingwoude","1"
"het Rechthuis","1"
"Gebouw de Wittenberg","1"
"Gebouw Batavia","1"
"Zuiderkerk|Waag (Nieuwmarkt)","1"
"Escompto maatschappij","1"
"Jeugdtheater de Krakeling","1"
"Hogesluis|Magere Brug|Zuiderkerk|Stadhuis-Muziektheater","1"
"De Duif|Amstelkerk","1"
"gevelsteen de Otter","1"
"kantoor van Heineken","1"
"Huis Poppen","1"
"Ronde Lutherse Kerk|Westerkerk|Posthoornkerk|Westergasfabriek","1"
"d'Koning van Zweden ","1"
"Vredenhofje","1"
"theater de koopermolen","1"
"Gereformeerd Gymnasium","1"
"Accijnshuisje","1"
"Boerhaaveschool","1"
"’t Wapen van Noordgouw","1"
"Petemayenbrug","1"
"De Buffel","1"
"Kantoorboekhandel Albracht-Siegers","1"
"Brug 1922|Hein Donnerbrug","1"
"Pakhuis d'Ezel|De Kameel","1"
"Plantagekerk","1"
"Destilleerderij de Adelaar","1"
"Koningssluis","1"
"gebouw Eben Haëzer","1"
"Dubbeltjeswoningen","1"
"Oude Kerk|Paleis op de Dam|Beurs van Berlage|Westerkerk|Postkantoor|Dominicuskerk","1"
"Nieuw Amsterdam","1"
"Cromhoutshuizen","1"
"St. Vincentius Tussenschool|Maatschappij voor de Werkende Stand","1"
"parkherstellingsoord","1"
"|Overtoomsesluis","1"
"De Kruiwagen","1"
"Paleis voor Volksvlijt|Paleis op de Dam","1"
"Westergasfabriek|Centrale Hemweg","1"
"|Molen De Otter","1"
"De Wildeman|Roode Huys","1"
"Lloydhotel","1"
"Westerkerk|Paleis op de Dam","1"
"Wilde Wingerdschool","1"
"West-Indisch Huis|Oost-Indisch Huis","1"
"Het Groot Melkhuis","1"
"gerefomeerde kerk|","1"
"R.K. Chassékerk","1"
"Nieuwe Huishoudschool","1"
"Diaconie Bestedelingenhuis","1"
"Portugees-Israëlitische Semenarie","1"
"leliesluis (Brug 61)","1"
"Victoria Hotel|Nieuwe brug|Beurs van Berlage","1"
"|Zonne-Wijzer","1"
"Brug 381|Vierwindstrekenbrug","1"
"Corso Bioscoop","1"
"West-Indische pakhuizen|","1"
"Zeevaartschool","1"
"Paleis op de Dam|Hoofdspostkantoor","1"
"D'Witte Lelie","1"
"Koning Willemshuis||Prinses Wilhelmina Bewaarschool","1"
"Klein Kalfje|'t Oude Kalfje","1"
"Eenhoornsluis|Brug 313","1"
"Beurs van Zocher|Oude Kerk","1"
"Paleis op de Dam|Nieuwe Kerk|Nationaal Monument De Eendracht","1"
"De Nederlanden van 1870","1"
"Scheikundig Laboratorium Vrije Universiteit","1"
"Brug 454|Koningsbrug","1"
" First Church of Christ, Scientist","1"
"Sint Nicolaaskerk|Centraal Station|Noord-Zuid Hollandsch Koffiehuis","1"
"gebouw Candida","1"
"Pakhuis de Kroon","1"
"Lyceumbrug|Het Amsterdams Lyceum","1"
"City Theater","1"
"Paulusbroederssluis","1"
"Centraal Station|Schreierstoren","1"
"Sint Jansbrug (Brug 205)","1"
"Hoofdkantoor NMB Bank","1"
"Kantoor Samenwerkende Havenbedrijven","1"
"Theater Carré|Amstelsluizen","1"
"Middelburg|Mechelen","1"
"Rijksmuseum Vincent van Gogh","1"
"Oosterparkkerk","1"
"De Posthoorn (R.K. Kerk)|Ronde Lutherse Kerk|Beurs van Berlage|Oude Kerk|Havengebouw","1"
"Paleis van Justitie|Rijksmuseum","1"
"Theater Desmet","1"
"scheepswerf koning William","1"
"Amstelveense Veerhuis","1"
"engelse kerk|r.k. kerk van johannes en ursula","1"
"pakhuis","1"
"r.k. kerk van johannes en ursula","1"
"Engelse presbyteriaanse kerk","1"
"Olympisch Stadion|Olympisch Stadion","1"
"Oosterkerk|Scheepvaartmuseum","1"
"Oranje Naussaukazerne","1"
"|Sint Agneskerk","1"
"NMB Bank","1"
"Boerhaavekliniek","1"
"Martelaren van Gorcumkerk","1"
"Inrichting voor Stadsbestedelingen|Paleis van Justitie","1"
"Bioscoop Parisien","1"
"Monument ter nagedachtenis aan Anne Frank","1"
"Effectenbeurs|Centraal Station|Beurs van Berlage|Sint Nicolaaskerk","1"
"Het Spaanse Huis","1"
"bank","1"
"Parkhotel","1"
"|Zeemanshoop","1"
"Zuiderkerk|Tuschinski Theater","1"
"bioscoop Tuschinski|Tuschinski Theater","1"
"Paradiso|","1"
"Barlaeus Gymnasium|Paradiso","1"
"Tuschinski Theater|Oude Kerk","1"
" Hotel de l'Europe","1"
"Theehuisje Broek in Waterland","1"
"duiker","1"
"Stopera|Stadhuis-Muziektheater","1"
"Stadhuis-Muziektheater|Mozes en Aäronkerk|Blauwbrug","1"
"Walter Süskindbrug","1"
"amro-bank","1"
"Magere Brug|Koninklijk Theater Carré","1"
"Magere Brug|Koninklijk Theater Carré|Amstelhof","1"
"Brug 233","1"
"Hortus Botanicus|Palmenkas","1"
"Monument voor Jacob Israël de Haan","1"
"Zuildragende schildpad","1"
"Brug 174","1"
"Moenshofje","1"
"Metz & Co","1"
"Gebouw De Utrecht","1"
"Hotel de Roode Leeuw","1"
"standbeeld Kokadorus","1"
"Schouwenhoek","1"
"Badhuis","1"
"Vredenburg","1"
"Zeedijkbrug|Den Swarten Hooren","1"
"Kolksluis|","1"
"Kolksluis|Den Swarten Hooren","1"
"Luthers Diaconessen","1"
"Diaconie weeshuis der Ned. Herv. Gemeente en Herv. jeugdhuis","1"
"Nieuwe Kerk|Paleis op de Dam|Beurs van Zocher","1"
"Nieuwe Kerk|Beurs van Zocher","1"
"Coorenharp","1"
"gevelsteen d'Hoop","1"
"N.V. Deli-Batavia Maatschappij","1"
"Atlas","1"
"Schouw","1"
"De Drie Hendricken","1"
"vuilnisstortplaats","1"
"VOC schip","1"
"Marine-etablissement|Scheepvaartmuseum","1"
"collectebus","1"
"pilaar","1"
"trappenhuis","1"
"Schouw|Trippenhuis","1"
"Suikerwerkfabriek Klene","1"
"Monument Burgemeester Tellegen","1"
"Huis van Bewaring","1"
"restaurant","1"
"Tropenmuseum|Muiderkerk","1"
"Amstelsluizen|Magere Brug","1"
"Diaconie Oude Vrouwenhuis","1"
"Oranje Nasaukazerne","1"
"Oranje-Nassaukazerne|Oranje Nassaukazerne","1"
"|Huis met de Kabouters","1"
"RK Kerk De Liefde (Nicolaas en Barbara)","1"
"KNSM kantine","1"
"Pakhuis Oostenburg","1"
"entrepôt","1"
"Entrepodok","1"
"Gebouw Neptunus","1"
"Atheneum Illustre","1"
"De Brakke Grond","1"
"Korenmeestershuisje","1"
"|Korenmetershuisje","1"
"Oudezijds Huiszittenhuis","1"
"tuinvaas","1"
"Witte Huis","1"
"bevolkingsregister","1"
"Gebouw Zuid Holland","1"
"hotel the Dilan","1"
"Westerkerk|Homomonument","1"
"Homomonument","1"
"Walenkerk","1"
"Drijfkelder","1"
"Gerechtsgebouw","1"
"Prinsen Theater","1"
"Oude Kerk|Beurs van Berlage","1"
"Zuiderkerkspoortje|Zuiderkerk","1"
"Het Slagthuis","1"
"Diaconie Oude Vrouwen en Mannenhuis","1"
"Diaconie Oude Vrouwen- en Mannenhuis der Nederlands Hervormde Gemeente","1"
"Surp Hoki","1"
"Armeense Kerk","1"
"Rechtbank","1"
"Rechthuis","1"
"Petruskerk","1"
"|Westerkerk","1"
"Paleis op de Dam|Beurs van Zocher|Nieuwe Kerk","1"
"Paleis voor Volksvlijt|Hogesluis","1"
"Hogesluis|Paleis voor Volksvlijt","1"
"Waag op de Botermarkt","1"
"Rembrandt standbeeld","1"
"Hogesluis|Amstelhotel","1"
"Nieuwe Stadsherberg","1"
"Papenbrug|Oude Kerk","1"
"Oudezijds Heerenlogement","1"
"Monument De Eendacht","1"
"Zeemanshoop","1"
"Bible Hotel","1"
"Hotel Rondeel","1"
"Zeemanshuis|'s Lands Zeemagazijn","1"
"Paleis op de Dam|Hoofdpostkanoor","1"
"Koninklijk Paleis","1"
"|Sint Nicolaaskerk","1"
"RK Kerk De Zaaier","1"
"Eilandskerk","1"
"Westerhal","1"
"Stadsschouwbug|American Hotel","1"
"Leidsepoort|Stadsschouwbug|Café du Théatre","1"
"Dierentuin Natura Artis Magistra","1"
"station","1"
"Station Willemspoort","1"
"|Magere Brug","1"
"Chr. Middelbare Economische School","1"
"Vredenburgh","1"
"Vincentiuskerk","1"
"Sint Vicentiuskerk","1"
"Staringhofje","1"
"Evangelisch Luthers Diaconiehof","1"
"Maranathakerk","1"
"Kerk De Liefde (H.H. Nicolaas en Barbara)","1"
"De Liefde","1"
"|Amsterdams Lyceum","1"
"Hirsch gebouw","1"
"Sonnesta hotel","1"
"Minervapaviljoen","1"
"Minerva Paviljoen","1"
"Schoolgebouw Smalle Pad","1"
"Centrale Israëlitische ziekenverpleging","1"
"Jacob Obrechtplein-synagoge","1"
"Berlageschool","1"
"Stichting Werf `t Kromhout","1"
"Droogbak|Posthoornkerk|Noord-Zuid Hollandsch Koffiehuis","1"
"Graansilo Korthals Altes","1"
"Noord- Zuidhollands Koffiehuis|Centraal Station","1"
"Centraal Station|Noord- Zuidhollands Koffiehuis","1"
"Pastoor Hesseveldschool","1"
"Westergasfabriek|Gashouder","1"
"Gashouder","1"
"Brug 193","1"
"Transformatorhuis","1"
"Diaconie oudemannen en -vrouwenhuis","1"
"Hotel American","1"
"American Hotel|Stadsschouwbug","1"
"valeriuskliniek","1"
"Sportfondsenbad Oost","1"
"Melkfabriek Sterovita","1"
"|American Hotel","1"
"A.T.V.A.","1"
"Hamers- en Bouwershof","1"
"top van de oudekerkstoren","1"
"Salmhuisjes","1"
"Spoorbrug","1"
"Oudemanhuispoort|Huis aan de Drie Grachten","1"
"Hollansche Manege","1"
"Huis de Vicq|Plafondschildering Jacob de Wit","1"
"Huis de Vicq|Plafond directeurskamer","1"
"Deutzhuis","1"
"De Bazel|Koningszaal","1"
"|Nieuwe Oosterbegraafplaats","1"
"Grafmonument van Gerardus Frederik Westerman","1"
"Brug 121","1"
"Drie Hendricken","1"
"Vondelpark Paviljoen","1"
"Ronde Lutherse Kerk|Westerkerk","1"
"Gemaal Zeeburg","1"
"Brug 51|Brug 53","1"
"Brug 20","1"
"Afbraak","1"
"Sint Olofskapel|Centraal Station","1"
"Kabouterhuis","1"
"Begijnhofkerk","1"
"volkskoffiehuis","1"
"Marinevliegkamp Schellingwoude","1"
"Goethe-Institut","1"
"Havengebouw|Ibis Hotel","1"
"kantoorgebouw","1"
"Buitenplaats Oostermeer","1"
"Gemeenlandshuis van het Hoogheemraadschap Zeeburg en Diemerdijk","1"
"Westerkerk|Ignatiuskerk","1"
"Museum Amstelkring, Ons Lieve Heer op Solder","1"
"Narwall","1"
"Weeshuis","1"
"Amstelstad","1"
"Anslo´s Hofje","1"
"Zwaardvegershofje|Claes Claeszhofje","1"
"Schinkelkerk","1"
"Buiksloterkerk","1"
"Oudezijds Huiszittenhuis|Arsenaal","1"
"Mozes en Aäronkerk|Stadhuis-Muziektheater","1"
"Uilenburgersynagoge","1"
"Episcopal Church","1"
"Stadsdoelen","1"
"Academie van Bouwkunst|Oudezijds Huiszittenhuis","1"
"Waag (Nieuwmarkt)|Oude Kerk|Sint Nicolaaskerk","1"
"Schreierstoren|Waag (Nieuwmarkt)|Zuiderkerk","1"
"Waag (Nieuwmarkt)|Sint Nicolaaskerk|Centraal Station","1"
"Ship Chandlers Warehouse","1"
"Waag (Nieuwmarkt)|Oude Kerk","1"
"Pakhuis Schottenburch","1"
"Nationaal Monument de Eendracht","1"
"Monument de Eendracht|Nieuwe Kerk|Paleis op de Dam","1"
"Industrieële Groote Club","1"
"Muiderpoort|Koloniaal Instituut","1"
"Centraal Station|Schreierstoren|Sint Nicolaaskerk|Victoria Hotel","1"
"RK Gerardus Majellakerk","1"
"Schottenburgh","1"
"|Huis met de Hoofden","1"
"Grant Hotel Amrat Amsterdam","1"
"Oude Kerk|Beurs van Berlage|Ronde Lutherse Kerk|Sint Nicolaaskerk","1"
"Admiraliteitsgebouw","1"
"VOC Pakhuis","1"
"Molen De Gooijer|Brouwerij 't IJ","1"
"Molen De Gooijer","1"
"Soli Deo Gloria anno 1736","1"
"jeugdherberg","1"
"Werkspoor Oostenburg","1"
"Brug 278","1"
"Rijksmuseum|Stedelijk Museum|Van Goghmuseum|Concertgebouw","1"
"Kasteel Aemstel","1"
"Zuiderkerk|Maupoleum","1"
"Burgemeester van Tellingenhuis|Maupoleum","1"
"'Maupoleum' | Burgemeester Tellegenhuis","1"
"Zuiderkerk|Maupoleum|Burgemeester van Tellingenhuis","1"
"demontageserie","1"
"Bioscoop Rex","1"
"Petruskerk (Sloterdijk)","1"
"N.H. Petruskerk","1"
"Petruskerk, Sloterdijk","1"
"Sigarenwinkel en magazijn P.G.C. Hajenius","1"
"Montelbaanstoren|Keizersbrug","1"
"Huis Bartolotti|de Zonnewyser","1"
"Nationaal Monument","1"
"Koningin Emma Monument","1"
"Eerste Amsterdamse Christelijke Nijverheidsschool","1"
"Pakhuis Leipzig","1"
"Instituut voor Onderwijs aan Blinden","1"
"|Huis Van Brienen","1"
"Onze-Lieve-Vrouwe kerk","1"
"|Paleis op de Dam|Hoofdpostkantoor|P.C. Hoofthuis","1"
"Kas-Associatie N.V","1"
"Arti & Amicitiae","1"
"Arti et Amicitia","1"
"Oude Lutherse Kerk|Aula UvA","1"
"Singelkerk","1"
"Multatulimuseum","1"
"Gebouw Kas-Associatie","1"
"Kerk de Krijtberg","1"
"Odeon|","1"
"Oude Lutherse Kerk|Athaneum Boekhandel|De Brabantse Aap","1"
"Oude Lutherse Kerk|De Krijtberg (R.K. Kerk)","1"
"Engelse kerk|Begijnhofkapel","1"
"Geboortehuis Multatuli","1"
"Rembrandttoren|Beurs van Berlage|Zuiderkerk|Oude Kerk","1"
"hotel l'Europe","1"
"muurschildering","1"
"opslagplaats","1"
"Voorwerf Koninklijke Marine","1"
"Scheepvaartmuseum|Marine-Etablissement","1"
"beschoeing","1"
"Het Huiszittenweduwenhof|Karthuizerhofje","1"
"Rozenschool|Huiszittenweduwenhof","1"
"huiszittenweduwenhof|karthuizerhof","1"
"Karthuizerhof|huiszittenweduwenhof","1"
"Amstelsluizen|Hogesluis|Blauwbrug|Magere Brug","1"
"Karthuizerhofje","1"
"Beurs van Zocher|Monument voor de Volksgeest","1"
"Amstelhotel|Hogesluis","1"
"Nieuwezijds Kapel|Nederlandse Bank","1"
"Waag (Nieuwmarkt)|Grote Zeevismarkt","1"
"Paleis op de Dam|Nieuwe Kerk|Monument De Eendracht","1"
"Munttoren|","1"
"Centraal Station|NZH Koffiehuis","1"
"victoria hotel|Havengebouw","1"
"Oude Kerk|Sint Olofskapel","1"
"Scheepvaarthuis|Montelbaanstoren","1"
"Schreierstoren|Scheepvaarthuis","1"
"Centraal Station|noord-en zuidhollands koffiehuis|Noord-Zuidhollandsch Koffiehuis","1"
"St Nicolaaskerk","1"
"In de Lompen ","1"
"Victoria Hotel|Noorderkerk|Ronde Lutherse Kerk","1"
"Centraal Station|Havengebouw","1"
"Brouwerij het IJ","1"
"Kortjewantsbrug","1"
"Sint Ritakerk en Rosa Klooster","1"
"|Sint Rosa klooster","1"
"d`Admiraal (molen)","1"
"Sint Nicolaaskerk|Ronde Lutherse Kerk|De Posthoorn (R.K. Kerk)|Scheepvaarthuis","1"
"bibliotheek","1"
"Scheepvaartmuseum|Zeemanshuis","1"
"|Andrieskerk","1"
"gebouw de Swaen","1"
"Kerk","1"
"Café 't Sluisje","1"
"Poort Rasphuis","1"
"Pakhuis Afrika|Pakhuis De Zwijger","1"
"|Pakhuis Australië|Pakhuis Wilhelmina","1"
"Pakhuis Azië","1"
"Brug 142","1"
"Niek Engelschmanbrug","1"
"|Blauwbrug","1"
"Brug 229","1"
"Scheepvaarthuis|Brug 283","1"
"Muiderpoort|Burg 264","1"
"Brug 264","1"
"Walkartschool","1"
"Brug 20|Brug 21","1"
"Brug 106","1"
"Kerk ""De Zaaier""","1"
"De Kooper Moole 1746","1"
"Gebouw ANIEM","1"
"Museum Fodor|Pakhuis Het Spook","1"
"Lucas Jansz. Sinckbrug","1"
"Klein Trippenhuis","1"
"Spiegelhuizen","1"
"De twee zusjes","1"
"Het Root Hart","1"
"Het Roothart","1"
"Zuiderkerkstoren","1"
"Houtzaagmolen De Otter","1"
"Schutsluis Willem I","1"
"Sint Maartensvlotbrug","1"
"Centraal Station|","1"
"Rijksmagazijn van Geneesmiddelen","1"
"D'Admiraal (krijtmolen)","1"
"Boas fabrieksschoorsteen ","1"
"Museum Energetica","1"
"werkplaats","1"
"Sint Antoniusschool","1"
"Luthers Weeshuis","1"
"Amsterdamse Chininefabriek","1"
"Hoofdpostkantoor PTT","1"
"Postsorteergebouw","1"
"Postsorteercentrum","1"
"Post CS gebouw","1"
"Postsorteercentrum Oosterdok","1"
"Westergasfabriek (gashouder)|Molen De Bloem","1"
"spoordijk","1"
"Brienenhofje","1"
"Hofje Van Brienen|","1"
"Diaconie Oude Vrouwen Huys","1"
"Herberg 't Vosje","1"
"Kerk de Papegaai","1"
"De Elisabeth Wolffschool","1"
"Stadsboerderij Oost-Gein","1"
"Groot Rome","1"
"Willemspoort","1"
"Javasche Bank","1"
"Sint Aloysiusschool","1"
"NZH koffiehuis|Noord-Zuid Hollandsch Koffiehuis","1"
"|Pakhuis De Kruiwagen","1"
"De Droogbak","1"
"Werf Monumentnzorg","1"
"Het Vosje","1"
"R.C. Armenkantoor","1"
"Swigters Hofje","1"
"Anne Frank","1"
"Huis Frankendael","1"
"Toerensluis","1"
"Sint Gabriëlkerk","1"
" Kerk H.H. Martelaren van Gorcum","1"
"Kerk H.H. Martelaren van Gorcum","1"
"Sint Bonifatiuskerk","1"
"Zaanhof","1"
"Diaconie oude vrouwen en mannenhuis|Amstelhof","1"
"Brug 39","1"
"Sibbelwoningen","1"
"Reestraat 8","1"
"Reerust","1"
"Schottenburg","1"
"Multatuli - Woutertje Pieterse en Femke ","1"
"Doopsgezinde schuilkerk ""Het Lam""","1"
"Huize De Dolphijn","1"
"gevelsteen met de keizerskroon","1"
"gevelsteen halve maan","1"
"gevelsteen pelikaan","1"
"Sint Jorishof|Sint-Paulusbroederklooster","1"
"restauratiepanden","1"
"Sweelinckhuis","1"
"'t Roode Kruis","1"
"drogist","1"
"gevleugelde sfinx","1"
"|Wertheimpark","1"
"theater Tingel Tangel","1"
"watermolen","1"
"|Entrepotdok","1"
"Associatie Cassa","1"
"Korff's Chocoladefabriek","1"
"Oude Kerk|Sint Nicolaaskerk","1"
"beschoeiing","1"
"|Werf Uilenburg Amsterdam ","1"
"Scharrebiersluijs","1"
"Scharrebiersluis|Kortjewantsbrug","1"
"Scharrebiersluis|Scheepvaartmuseum","1"
"kantoor entrepôtdok","1"
"Mozes en Aäronkerk|Hoogduits Synagogecomplex","1"
"gevelsteen met jaartal","1"
"Dominicuskerk|Posthoornkerk","1"
"Centraal Station|Beurs van Berlage|Noord-Zuid Hollandsch Koffiehuis","1"
"|Grote Synagoge","1"
"voormalige pakhuizen","1"
"Sleutelbrug|Huis aan de Drie Grachten","1"
"Binnengasthuis|Gimnesselsuis","1"
"Binnengasthuis|Grimnessesluis","1"
"Binnengasthuis|Huis aan de Drie Grachten","1"
"distilleerderij De Ooievaar","1"
"Vereeniging ter verbreiding der waarheid","1"
"Luthers Diaconessen Weeshuis","1"
"De Lente|De Zomer","1"
"Diaconie Weeshuis van de Nederlands hervormde gemeente","1"
"Monument Coöperatieve Woningbouwvereniging Rochdale","1"
"Kolksluis|Armbrug","1"
"scheepswerf Kromhout|scheepswerf koning William","1"
" 't Kromhout","1"
"scheepswerf Kromhout|","1"
"Museumwerf 't Kromhout","1"
"abn-amrobank","1"
"De Posthoorn (R.K. Kerk)|Ronde Lutherse Kerk|Oude Kerk","1"
"Havengebouw|Centraal Station|Stationspostkantoor","1"
"Centraal Station||Havengehouw","1"
"De Posthoorn (R.K. Kerk)|Havengebouw","1"
"De Posthoorn (R.K. Kerk)|Ronde Lutherse Kerk|Oude Kerk|Beurs van Berlage|Paleis op de Dam|Nieuwe Kerk","1"
"Westerkerk|Paleis op de Dam|Nieuwe Kerk|Magna Plaza|Noorderkerk","1"
"Hofje Concordia-Zuid","1"
"Zeven Provinciehuizen|Vriesland","1"
"Zeven Provinciehuizen|Zeeland","1"
"Zeven Provinciehuizen|Gelderland","1"
"Zeven Provinciehuizen","1"
"Hope","1"
"Huisje van Gosler","1"
"Maupoleum|Burgemeester Tellegenhuis","1"
"Scheepvaartmuseum|Oosterkerk","1"
"St. Augustinuskerk","1"
"Porta Maggiore in Rome","1"
"Lettergieterij Amsterdam","1"
"Rembrandthuis|Burgemeester Tellegenhuis","1"
"Nederlands Israëlische Nieuwe Synagoge|Mozes en Aäronkerk","1"
"|Bungehuis","1"
"De Cost Gaet Voor De Baet Uyt|Accijnshuis","1"
"Kantoor SHB","1"
"Dominicuskerk|Ronde Lutherse Kerk","1"
"Sint Jansburg","1"
"De Vergulde Dubbele Arend","1"
"Amsterdamse Cavaleriekazerne","1"
"Huis Sweedenrijck","1"
"de drie gekroonde haringen|De Drie Gekroonde Haringen|Drieharingenbrug","1"
"De Drie Heuvelen","1"
"Vespuccimarkt","1"
"|Concordiahofje","1"
"Gemeenschapsmolen","1"
"Nieuwe Kerk|Paleis op de Dam|Magna Plaza","1"
"Stadsschouwburg|Leidsepleintheater","1"
"Raw Aron Schuster Synagoge","1"
"Brug 10|Lijnbaansbrug|Brug 11","1"
"Brug 417","1"
"Pelikaanburg","1"
"|Krachtcentrale","1"
"Scheepswerf Bierenbroodspot","1"
"Cavaleriekazerne|Kavalleriekazerne","1"
"AMRO Bank","1"
"hoofgebouw van abbatoir","1"
"Huize Zuidwijck","1"
"Disteldorp","1"
"Kleuterschool Eben Haëzer","1"
"Muntsluis","1"
"|Shelltoren","1"
"Oranje-Naussau Kazerne","1"
"Paleis van Justitie|Wilhelmina Gasthuis","1"
"voormalige stadsschouwburg","1"
"Museum Fodor","1"
"Singelhoven","1"
"Diamantslijperij Boas|Steenvoetsluis","1"
"Chassékerk","1"
"huis Sweedenrijk","1"
"Brug 280","1"
"luthers diaconessen inrichting","1"
"Het Zuid-Afrika Huis","1"
"pakhuizen d'Eendragt","1"
"Brug 100","1"
"Amsterdams Tehuis voor Arbeiders|Sint Bernardus","1"
"Lutherse Diaconiehuis|Dr. Sarphatihuis","1"
"Zeevrugt","1"
"Hotel Prinsen","1"
"villa Roelvink","1"
"Lijnbaan van de Verenigde Oost-Indische Compagnie|Admiraliteitslijnbaan","1"
"Sint Pieterspoort","1"
"Kapel van Durgerdam","1"
"Sint Ingatiuskerk|Rijpenhofje","1"
"pakhuizen God is myn Burgh","1"
"Sint Andrieshofje|","1"
"Drie Gekroonde Haringen","1"
"|Hervormde Kerk","1"
"|De Gooyer (molen)","1"
"school de dageraad","1"
"Leesmuseum|Arti et Amicitiae","1"
"Haarlemmerpoort|Bolwerk Westerbeer|Bolwerk de Bocht|Nieuwe Waal","1"
"Paleis voor Volksvlijt|Amstel Hotel","1"
"Sint Nicolaaskerk|Scheepvaarthuis","1"
"bioscoop du Midi|apollohal","1"
"Zuiderkerk|Huis De Pinto","1"
"Waag (Nieuwmarkt)|Schreierstoren","1"
"Huis Bartolotti|Het Witte Huijs","1"
"Amsterdams Lyceum|Brug 410","1"
"Nederlands Hervormde Kerk|Nieuwendammerkerk","1"
"Ronde Lutherse Kerk|Oude Lutherse Kerk","1"
"pakhuizen de Vrede","1"
"oosterparkkerk|Oosterparkkerk","1"
"Haarlemmerpoort|Willemsbrug","1"
"Agnietenkapel|Trippenhuis|Felix Meritis","1"
"Smits Koffiehuis","1"
"Café-restaurant Boerderij Meerzicht|","1"
"De Marmot|Marmottenhuis","1"
"Amsterdamse Vrijmetselaarsloge 'Nos Vinxit Libertas'","1"
"Scheepvaartmuseum|'s Lands Zeemagazijn|Marine Etablissement ","1"
"Oude Kerk|Accijnshuis|Gebouw Handelsinlichtingen","1"
"Portugees-Israëlitische Synagoge|Portugees-Israëlitische Seminarie","1"
"Desideriusbrug","1"
"Huize Eendracht","1"
"Sint Nicolaaskerk|Waag (Nieuwmarkt)|Havengebouw|Centraal Station","1"
"Obrechthuys","1"
"De Heilige Nicolaas en Barbara-kerk","1"
"Den Grooten Heer|Associatie Cassa","1"
"Boomkerk|R.K. kerk Franciscus van Assisië","1"
"pastorie van de apostolische kerk","1"
"Levensverzekering Noord-Braband Waalwijk ","1"
"Commandantshuis","1"
"tramremise van de AOM","1"
"Universiteitstheater|","1"
"afrekeningsgebouw","1"
"R.K. kerk Vincentius a Paulo ","1"
"De Otter (molen)","1"
"bovenlicht","1"
"Aalsmeerder Veerhuis|","1"
"Pius X kerk","1"
"Havengebouw|Shelltoren","1"
"Ons Huis","1"
"Allard Pierson Museum|nederlandse bank","1"
"Regenboogs Liefdehofje","1"
"Westerkerk|Havengebouw","1"
"Havengebouw|De Posthoorn (R.K. Kerk)|Posthoornkerk","1"
"H.J. van Wijlenschool","1"
"Paleis op de Dam|Nieuwe Kerk|P.C. Hoofthuis","1"
"Stadhuis-Muziektheater|Hogesluis|Brug 246","1"
"Brug 35|Brug 237|Hendrick Jacobcz Staetsbrug","1"
"Regenboog-Liefdehofje","1"
"Nederlands Hervormde Sloterkerk","1"
"Nieuwerzijds Kapel|Uilenburger Synagoge","1"
"Brug 129","1"
"Montelbaanstoren|Scheepvaarthuis","1"
"Amstelkerk|De Duif","1"
"Het Lido","1"
"Raw Aron Schuster-synagoge|Obrechtsynagoge","1"
" Museum Willet-Holthuysen","1"
"Maupoleum","1"
"Brug 117","1"
"Amstelhof|Hortus Botanicus","1"
"Blauwbrug|Stadhuis-Muziektheater|Mozes en Aäronkerk","1"
"Rijksacademie van beeldende kunsten|Stadsturfpakhuizen|Arsenaal","1"
"Brentano's steun des ouderdoms","1"
"Rijksmuseum|Munttoren","1"
"Bickers Tooren","1"
"Brug 99","1"
"Westerkerk|R.K. kerk de Zaaier","1"
"Bagijnhof","1"
"Westerkerk|Ronde Lutherse Kerk|Westergasfabriek|Nieuwe Kerk|Beurs van Berlage","1"
"Nieuw-Apostolische Kerk","1"
"Amstelhof|Binnengasthuis","1"
"Brug 21","1"
"Ronde Lutherse Kerk|Noorderkerk|Victoria Hotel","1"
"Brug 93|Brug 67","1"
"galerij","1"
"Brug 278|Scharrebiersluis","1"
"De Transvaalsche Boer","1"
"Bosschehofje","1"
"huis Klarenbeek","1"
"Universiteitstheater |","1"
"entrepotpakhuizen|kantoor abattoir","1"
"Langerlust","1"
"Westergasfabriek|Maria Magdalenakerk","1"
"de Bauwe Engel|World Trade Center Amsterdam","1"
"Prinses Wilhelmina Bewaarschool","1"
"Ronde Lutherse Kerk|Centraal Station","1"
"Brug 419","1"
"Brug 31","1"
"Trippenhuis|Waag (Nieuwmarkt)","1"
"Oude Kerk|Zuiderkerk","1"
"Sint Nicolaaskerk|Schreierstoren|Bantammerbrug (Brug 298)","1"
"Academie voor Bouwkunst|Arsenaal|Stadsturfpakhuizen","1"
"Brug 49","1"
"Haarlemmerpoort|Nieuwe Haarlemmerpoort|Kartuizerklooster|Nieuwe Waal|Amstolodamum In Quo aedses sacrae|Haringpakkerstoren","1"
"Zuiderkerk|Brug 223","1"
"De Bijenkorf|Beurs van Zocher|Nieuwe Kerk","1"
"Raw Aron Synagoge (Obrechtsjoel)","1"
"Brug 130|Trapjesbrug","1"
"De Dokwerker|Portugees-Israëlitische Synagoge","1"
"Museum Hotel","1"
"Café Noord-Holland 1907","1"
"|Mozes en Aäronkerk|Hoogduitse Synagoge|Maupoleum|Burgemeester Tellegenhuis","1"
"Hortusbrug","1"
"Joods Historisch Museum|Grote Synagoge|Nieuwe Synagoge||M.S. Vaz Diazbrug","1"
"|R.K. Onze Lieve Vrouwekerk","1"
"Sirius Amsterdam","1"
"mirakelkolommen|werf Monumentenzorg","1"
"Latjesbrug","1"
"De Bazel|Rijksmuseum","1"
"jordaan","1"
"Grimnnessesluis","1"
"Huize Vijverhoek","1"
"Munttoren|Muntsluis","1"
"Boerhaave kliniek","1"
"Klein Kalfje","1"
"mirakelkolommen","1"
"Munttoren|Muntsluis|Brug 1","1"
"amsterdamse huishoudschool|jeugdherberg","1"
"veilinghuis Christie's|Scheepvaartmuseum","1"
"Huis Bartolotti|pakhuis d'Theeboom","1"
"Haarlemmersluis|Brug 14","1"
"Boerderij Kamplust","1"
"Bloemgrachtkerk","1"
"Zeeburgerbrug","1"
"Pakhuis Koning Willem I","1"
"Huis Bartolotti|Westerkerk","1"
"het Arsenaal|Rijksacademie van beeldende kunsten|Stadsturfpakhuizen","1"
"|Zuidergasfabriek","1"
"claes claesz. hofje|Claes Claesz. hofje","1"
"Nieuwe Kerk|Beurs van Berlage|Scheepvaarthuis|Oude Kerk|Lloyd Hotel|Bijenkorf","1"
"Hogesluis|","1"
"Wilhelmina Gasthuis|Vondelkerk","1"
"Brug 93|Brug 122","1"
"Brug 125|Hilletjesbrug","1"
"Munttoren|Halvemaansbrug","1"
"Brug 26","1"
"|Westergasfabriek","1"
"Nieuwe Kerk|Paleis op de Dam|Monument Eendracht","1"
"Portugees-Israëlitische Synagoge|Dokwerker","1"
"Westerkerk|Ronde Lutherse Kerk|Posthoornkerk|Westergasfabriek","1"
"Brug 199|Overtoomsesluis","1"
"R.K. kerk de Liefde|De Heilige Nicolaas en Barbara-kerk","1"
"Beurs van Berlage|Centraal Station","1"
"Brug 17","1"
"Ezelsbrug|Brug 1904","1"
"R.K. Kerk Sint Franciscus van Assisi||Boomkerk","1"
"Nieuwe Kerk|Westerkerk|Paleis op de Dam","1"
"Brug 303, Nieuwe Brug|Brug 326","1"
"Meerbrug|Sint Augustinuskerk","1"
"Lau Mazirelbrug |Brug 259","1"
"|Sint Augustinuskerk","1"
" Clara Fey-school","1"
"Pakhuis Afrika|Koelhuis De Zwijger","1"
"Academie voor Bouwkunst|Stadsturfpakhuizen|Arsenaal","1"
"Oude Kerk|Havengebouw","1"
"Waag (Nieuwmarkt)|Brug 224|Bushuissluis","1"
"De Nagtegaal|De Walvis|St Jago|De Hollandsche Tuijn|De Hoop|De Oranje Boom|Het Eiland ter Schelling|Het Fortuijn|De Haan|De Zwaan|Galgenbrug|Bickersbrug","1"
"Hotel Belga","1"
"Muiderpoort|Koninklijk Instituut voor de Tropen","1"
"Havengebouw|Centraal Station|Sint Nicolaaskerk|Posthoornkerk","1"
"|Beurs van Berlage|Paleis op de Dam","1"
"Hugo de Vries Laboratorium|Hortus Botanicus","1"
"Bioscoop The Movies","1"
"Huize de Windroos","1"
"Willemspoort|Haarlemmerpoort","1"
"Ronde Lutherse Kerk|Posthoornkerk|Beurs van Berlage|Westerkerk|Postkantoor|Nieuwe Brug","1"
"Corantijnschool","1"
"Brug 25","1"
"de Wittenberg","1"
"IJkkantoor","1"
"|Brug 196","1"
"Montelbaanstoren|Brug 287|Sint Antoniesluis","1"
"Engelse Episcopale Kerk|Ronde Lutherse Kerk","1"
"Wolkenkrabber|Twaalf Verdiepingenhuis","1"
"Sint Nicolaaskerk|Oude Kerk","1"
"Brug 24","1"
"Café 'De Gaeper'","1"
"Hogesluis|Magere brug|Stadhuis-Muziektheater|Amstelsluisen|Zuiderkerk","1"
"Hilletjesbrug","1"
"Boomkerk (R.K. kerk)","1"
"Falckshuis","1"
"Rijnbar","1"
"World Trade Center Amsterdam","1"
"Muziektheater|Hoge Sluis","1"
"Sint Barbaraschool|Sint Laurentiusschool","1"
"Oetewalerbrug","1"
"Pontanusschool","1"
"Tweede Openbare Handelsschool","1"
"Nieuwezijds Kapel|Kapel ter Heilige Stede|Werf Monumentenzorg","1"
"Cinema Centraal|Cinema Parisien","1"
"Goslarhuisje","1"
"Brug 272","1"
"bioscoop cineac damrak","1"
"Pakhuizen D'Oude Werf","1"
"Hamer- en Bouwerhofje","1"
"Schottenburgh|Armeens Apostolische Kerk","1"
"Brug 420|Hildo Kropbrug|Brug 419","1"
"Hans Brinker hotel","1"
"Emmakerk","1"
"pakhuis Azië|pakhuis Afrika","1"
"Begijnhofkapel|Het Houten Huys","1"
"Gereformeerde Noachkerk","1"
"Sociale Verzekeringsbank     x","1"
"het witte huis","1"
"Hervormde Kerk","1"
"Suikerwerkfabriek Petrovitch","1"
"Amstelstation|Leeuwenburg","1"
"Gebouw Ceres","1"
"RK kerk HH Nicolaas en Barbara|RK kerk De Liefde","1"
"Amstel Badhuis","1"
"Papiermolensluis","1"
"Amstel Hotel|Hogesluis","1"
"Gebouw Atlanta|","1"
"R.K. kerk de Liefde|R.K. Mariaschool","1"
"|Klene's suikerwarenfabriek","1"
"Hogesluis|Brug 246|Stadhuis-Muziektheater|Theater Carré","1"
"De Zonnewijser","1"
"Moederhuis","1"
"Brug 67|Mallegatsluis|Schermschoolsluis","1"
"Galerie d'Eendt|Gerzon gebouw|Bakkerij D.C. Stähle","1"
"Etagehuis De Steenhoek","1"
"De Kus","1"
"Rotterdamse Bank|Optiebeurs","1"
"Pakhuis Nijptang|Pakhuis Spitsbergen","1"
"Pakhuis D'Eendragt","1"
"Dorpskerk","1"
"Brug 420","1"
"Verzorgingstehuis de Rietvinck|Bullebak|","1"
"Pakhuis Grote Swaan","1"
"Pakhuis Maria","1"
"Pakhuis Kleine Swaan","1"
"Brug 1|Muntsluis","1"
"Brug 358|Machineslootbrug","1"
"hooiberg en schuur","1"
"De Uitkijk","1"
"Openbare Bibliotheek","1"
"Zonne-Wijzer","1"
"Brug 183","1"
"Het Nieuwe Huis","1"
"Centraal Station|Sint Olofskapel|Sint Nicolaaskerk","1"
"Munttoren|Brug 1|Muntsluis","1"
"World Trade Center Amsterdam|Blauwe Engel|","1"
"Gebouw 'Candida'","1"
"Gebouw Atlanta","1"
"Oude Kerk|Sint Nicolaaskerk|Kolksluis","1"
"Physiologisch laboratorium","1"
"R.K. kerk Sint Agnes","1"
"café de Jaren","1"
"Zevenlanden huizen Spanje,Frankrijk en Duitsland","1"
"|katholieke mavo noord","1"
"Akerstein","1"
"Amstelkerk|Amstelhof","1"
"entrepotpakhuizen","1"
"Beurs van Berlage|De Bijenkorf|Beurs van Zocher","1"
"Sloterhof","1"
"Huize Koningsvijver","1"
"Paardentramremise","1"
"R.K. Kerk St. Franciscus van Assisi|Boomkerk","1"
"Vrije Katholieke kerk","1"
"Koffiehuis van de Volksbond","1"
"banpaal","1"
"Beurs van Berlage|Dominicuskerk|De Utrecht|","1"
"Rijkskweekschool voor Vroedvrouwen","1"
"Hoofdkantoor GVB","1"
"Apollohal|Olympisch Stadion","1"
"Eglise Wallone","1"
"Brug 28","1"
"Villa Betty","1"
"Obrechtkerk|Obrechthuys ","1"
"lekkeresluis (Brug 59)","1"
"Klene's Suikerwerkenfabriek","1"
"Zoutkeetsbrug|Brug 318","1"
"Schreierstoren|'s Lands Zeemagazijn","1"
"Brug 313|Eenhoornsluis","1"
"Boezemgemaal Katwijk|Koning Willem-Alexandergemaal","1"
"Uilenburger Synagoge|Werf Monumentenzorg","1"
"Prinses Wilhelmina Bewaarschool||Koning Willemshuis","1"
"Apostolische kerk","1"
"Sloterdijkerbrug|Brug 321","1"
"Machineslootbrug","1"
"Kunstnijverheidsschool","1"
"Brug 277|Pelikaanbrug","1"
"Frans Hendriksz. Oetgensburg","1"
"Scharrebiersluis|Brug 278","1"
"kledingmagazijn Gerzon","1"
"Centraal Station||Havengebouw|Noord-Zuid Hollandsch Koffiehuis","1"
"Trippenhuis|Felix Meritis|Agnietenkapel","1"
"'t Oude Kalfje","1"
"R.K. Vincentiusschool |Huis Joan Poppen","1"
"Zuiderkerk|Centraal Station|Oude Kerk","1"
"De Sonnenberg","1"
"gevelsteen de ram","1"
"Paardentramremise Schinkelhaven","1"
"Westerkerk|Tichelkerk","1"
"Brug 54","1"
"Brug 60|Prinsensluis","1"
"Petrus en Pauluskerk |Café Loetje","1"
"Het Keyzerrijk","1"
"Bijlmobiel","1"
"de kromhoutpanden","1"
"Westergasfabriek|Brug 193","1"
"Brug 5","1"
"Academie voor Bouwkunst|Stadsturfhuizen|Arsenaal","1"
"Huize Horizont","1"
"Villa Oud Leyerhoven II","1"
"|Allard Pierson Museum","1"
"Huize Vredenburgh","1"
"Scheepvaarthuis|Brug 300|Kraansluis","1"
"Anne Frankschool|Zesde Montessorischool","1"
"Houten Huis|Begijnhofkapel|Engelse Kerk","1"
"Sint Nicolaaskerk|Centraal Station","1"
"Brug 105|Makelaarsbruggetje","1"
"De Papegaai (R.K. kerk)","1"
"mr. Harm Smeengeschool|De Droogbak","1"
"Huis Goudstikker","1"
"|Rijkskledingmagazijn","1"
"pakhuis Afrika","1"
"kantoor W.S.B.Z.","1"
"De 1100 Roe (molen)|","1"
"Raad van Arbeid|kantoor van de HIJSM","1"
"Brug 404|Okura Hotel|","1"
"De Spaanse Gevel|","1"
"Klene's suikerwarenfabriek|Brug 100","1"
"R.C. Maagdenhuis","1"
"Gebouw ""De Koophandel""","1"
"Hendrick Jacobsz. Staetsbrug|Brug 35","1"
"Westerkerk|Brug 125|Hilletjesbrug","1"
"L.H. Sarlouisbrug (240)","1"
"het Arsenaal|Stadsturfhuizen","1"
"Lido|Huis van Bewaring","1"
"Israëlitische Vleeshal","1"
"Bijbels Museum|Cromhouthuis","1"
"Hofje De Star|Van Brienenhofje","1"
"Brug 225","1"
"Sint Antoniaschool","1"
"IVKO school|Plantage Bewaarschool","1"
"Brug 281|Peperbrug","1"
"Amsterdamse Fietsenstalling ","1"
"kantoor H.IJ.S.M.","1"
"Rijpenhofje|Huizen de Lelie","1"
"Varkenssluis","1"
"Luthers Diaconiehuis","1"
"Cavaleriekazerne","1"
"Arsenaal|Stadsturfpakhuizen","1"
"Koopmansbeurs|Beurs van Berlage","1"
"Brug 86","1"
"Brug 29","1"
"Westerkerk|Paleis op de Dam|Ronde Lutherse Kerk","1"
"Brinkhuis|","1"
"Oude Kerk|Beurs van Berlage|Westerkerk","1"
"Gebouw","1"
