"1","Paleis voor Volksvlijt","https://nl.wikipedia.org/wiki/Paleis_voor_Volksvlijt"
"2","Suikerhuis","https://nl.wikipedia.org/wiki/Suikerhuis"
"3","Tivoli Lepelenburg","https://nl.wikipedia.org/wiki/Tivoli_(Utrecht)"
"4","Concertgebouw Park Tivoli ","https://nl.wikipedia.org/wiki/Tivoli_(Utrecht)"
"5","Stadion Galgenwaard","https://nl.wikipedia.org/wiki/Stadion_Galgenwaard"
"6","Castellum Traiectum","https://nl.wikipedia.org/wiki/Traiectum_(Utrecht)"
"7","Heilige Kruiskapel (Domplein)","https://nl.wikipedia.org/wiki/Heilig_Kruiskapel_(Utrecht)"
"8","Stadskraan bij stadhuisbrug","https://nl.wikipedia.org/wiki/Stadskraan_(Utrecht)"
"9","Kasteel Vredenburg","https://nl.wikipedia.org/wiki/Kasteel_Vredenburg"
"10","Fruithal","https://nl.wikipedia.org/wiki/Fruithal_en_Korenbeurs"
"11","Korenbeurs","https://nl.wikipedia.org/wiki/Fruithal_en_Korenbeurs"
"12","Eerste Jaarbeursgebouw Vredenburg","https://nl.wikipedia.org/wiki/Jaarbeurs_(Utrecht)"
"13","Tweede Jaarbeursgebouw Vredenburg","https://nl.wikipedia.org/wiki/Jaarbeurs_(Utrecht)"
"14","Stadsschouwburg Vredenburg","https://nl.wikipedia.org/wiki/Stadsschouwburg_Utrecht"
"15","Mock-up Saturnus V-maanraket","https://nl.wikipedia.org/wiki/Space_%2786"
"16","Paleis Lofen","https://nl.wikipedia.org/wiki/Lofen"
"17","Paleis Lodewijk Napoleon","https://nl.wikipedia.org/wiki/Paleis_van_Lodewijk_Napoleon_(Utrecht)"
"18","Sint Salvatorkerk (Domplein)","https://nl.wikipedia.org/wiki/Sint-Salvatorkerk_(Utrecht)"
"20","Station Utrecht Staatsspoor","https://nl.wikipedia.org/wiki/Station_Utrecht_Staatsspoor"
"21","Station Utrecht Buurtstation","https://nl.wikipedia.org/wiki/Station_Utrecht_Buurtstation"
"22","Station Utrecht Biltstraat","https://nl.wikipedia.org/wiki/Station_Utrecht_Biltstraat"
"31","Levensverzekeringsmaatschappij De Utrecht","https://nl.wikipedia.org/wiki/De_Utrecht_(Utrecht)"
"32","Hotel Terminus","https://nl.wikipedia.org/wiki/Hotel_Terminus_(Utrecht)"
"37","Het Anker","https://nl.wikipedia.org/w/index.php?title=Het_Anker_(Utrecht)"
"39","Jongema State","http://nl.wikipedia.org/wiki/Jongema_State"
"40","Klaarkamp","http://nl.wikipedia.org/wiki/Klaarkamp"
"41","Martenastate","http://nl.wikipedia.org/wiki/Martenastate"
"42","Sportpark Noord","http://nl.wikipedia.org/wiki/Sportpark_Noord"
"43","Watertoren","http://nl.wikipedia.org/wiki/Watertoren_(Heerenveen)"
"44","Watertoren","http://nl.wikipedia.org/wiki/Watertoren_(Harlingen)"
"45","Zuivelfabriek De Gemeenschap","http://nl.wikipedia.org/wiki/Zuivelfabriek_De_Gemeenschap"
"46","Zuivelfabriek Freia","http://nl.wikipedia.org/wiki/Zuivelfabriek_Freia"
"47","Groot Terhorne","http://nl.wikipedia.org/wiki/Groot_Terhorne"
"48","Lycklama state","http://nl.wikipedia.org/wiki/Lycklama_state"
"49","Mariëngaarde","http://nl.wikipedia.org/wiki/Mariëngaarde"
"50","Beuckenswijk","http://nl.wikipedia.org/wiki/Beuckenswijk"
"51","Tjaarda State","http://nl.wikipedia.org/wiki/Tjaarda_State"
"52","Jeruzalem","http://nl.wikipedia.org/wiki/Jeruzalem_(Gerkesklooster)"
"53","Groot Hermana","http://nl.wikipedia.org/wiki/Groot_Hermana"
"54","Eysinga State","http://nl.wikipedia.org/wiki/Eysinga_State"
"55","Melkema State","http://nl.wikipedia.org/wiki/Melkema_State"
"56","Juwsma State","http://nl.wikipedia.org/wiki/Juwsma_State"
"57","Sjaerdemaslot","http://nl.wikipedia.org/wiki/Sjaerdemaslot"
"58","Synagoge","http://nl.wikipedia.org/wiki/Synagoge_(Leeuwarden)"
"59","Beslinga State","http://nl.wikipedia.org/wiki/Beslinga_State"
"60","Kop-hals-rompboerderij","http://nl.wikipedia.org/wiki/Kop-hals-rompboerderij_(Midlum)"
"61","Zuivelfabriek","http://nl.wikipedia.org/wiki/Zuivelfabriek_(Oosterzee)"
"63","Synagoge","http://nl.wikipedia.org/wiki/Synagoge_(Gorredijk)"
"64","Starkenborgh","http://nl.wikipedia.org/wiki/Starkenborgh_(Friesland)"
"65","Hoytema State","http://nl.wikipedia.org/wiki/Hoytema_State"
"66","Harinxma State","http://nl.wikipedia.org/wiki/Harinxma_State"
"67","Slot Loynga","http://nl.wikipedia.org/wiki/Slot_Loynga"
"68","Bonningastins","http://nl.wikipedia.org/wiki/Bonningastins"
"69","Wonsstelling","http://nl.wikipedia.org/wiki/Wonsstelling"
"70","Spoordok","http://nl.wikipedia.org/wiki/Spoordok_(Sneek)"
"71","Synagoge","http://nl.wikipedia.org/wiki/Synagoge_(Sneek)"
"72","Goederenstation Sneek","http://nl.wikipedia.org/wiki/Goederenstation_Sneek"
"73","Rodenburg","http://nl.wikipedia.org/wiki/Rodenburg_(Sneek)"
"74","Hanenburg","http://nl.wikipedia.org/wiki/Hanenburg"
"75","Frittemahuis","http://nl.wikipedia.org/wiki/Frittemahuis"
"76","Gasthuiswier","http://nl.wikipedia.org/wiki/Gasthuiswier"
"77","Gruytersmastins","http://nl.wikipedia.org/wiki/Gruytersmastins"
"78","Johansmastins","http://nl.wikipedia.org/wiki/Johansmastins"
"79","Johannietershuis","http://nl.wikipedia.org/wiki/Johannietershuis"
"80","Sikkingahuis","http://nl.wikipedia.org/wiki/Sikkingahuis"
"81","Oude Hospitaalklooster","http://nl.wikipedia.org/wiki/Oude_Hospitaalklooster"
"82","Noorderpoort","http://nl.wikipedia.org/wiki/Noorderpoort_(Sneek)"
"83","Oosterpoort","http://nl.wikipedia.org/wiki/Oosterpoort_(Sneek)"
"84","Zuider Rondeel","http://nl.wikipedia.org/wiki/Zuider_Rondeel"
"85","Noorder Rondeel","http://nl.wikipedia.org/wiki/Noorder_Rondeel"
"86","Harinxma State","http://nl.wikipedia.org/wiki/Harinxma_State"
"87","Sportpark Noorderhoek","http://nl.wikipedia.org/wiki/Sportpark_Noorderhoek"
"88","Het Hooghuis","http://nl.wikipedia.org/wiki/Het_Hooghuis_(state)"
"89","Kronenburg","http://nl.wikipedia.org/wiki/Kronenburg_(stins)"
"90","Kleine Kerk","http://nl.wikipedia.org/wiki/Kleine_Kerk_(Sneek)"
"91","Thabor","http://nl.wikipedia.org/wiki/Thabor"
"92","Kruisbroedersklooster Jeruzalem","http://nl.wikipedia.org/wiki/Kruisbroedersklooster_Jeruzalem"
"93","Waag","http://nl.wikipedia.org/wiki/Waag_(Sneek)"
"94","Leeuwarderpijp","http://nl.wikipedia.org/wiki/Leeuwarderpijp"
"95","Jousterpijp","http://nl.wikipedia.org/wiki/Jousterpijp"
"96","Kleine-paalderpijp","http://nl.wikipedia.org/wiki/Kleine-paalderpijp"
"97","Bonserwier","http://nl.wikipedia.org/wiki/Bonserwier"
"98","De Hemmen","http://nl.wikipedia.org/wiki/De_Hemmen_(stins)"
"99","C. Kan hal","http://nl.wikipedia.org/wiki/C._Kan_hal"
"100","Geeuwbruggen","http://nl.wikipedia.org/wiki/Geeuwbruggen"
"101","Galigahuis","http://nl.wikipedia.org/wiki/Galigahuis"
"102","Joerstrastins","http://nl.wikipedia.org/wiki/Joerstrastins"
"103","Leeuwenburg","http://nl.wikipedia.org/wiki/Leeuwenburg_(stins)"
"104","Groendijkklooster","http://nl.wikipedia.org/wiki/Groendijkklooster"
"105","Leeuwarderdijkklooster","http://nl.wikipedia.org/wiki/Leeuwarderdijkklooster"
"106","W. Hubert & Co.","http://nl.wikipedia.org/wiki/W._Hubert_&_Co."
"107","Gasfabriek","http://nl.wikipedia.org/wiki/Gasfabriek_(Sneek)"
"108","Sint Antonius Ziekenhuis","http://nl.wikipedia.org/wiki/Sint_Antonius_Ziekenhuis_(Sneek)"
"109","Sint-Jansbergklooster","http://nl.wikipedia.org/wiki/Sint-Jansbergklooster_(Sneek)"
"110","Bonifatiuskerk","http://nl.wikipedia.org/wiki/Bonifatiuskerk_(Ter_Idzard)"
"111","Hervormde kerk","http://nl.wikipedia.org/wiki/Hervormde_kerk_(Heerenveen)"
"112","Hervormde kerk","http://nl.wikipedia.org/wiki/Hervormde_kerk_(Gorredijk)"
"113","Galileërkerk","http://nl.wikipedia.org/wiki/Galileërkerk"
"114","Noorderkerk","http://nl.wikipedia.org/wiki/Noorderkerk_(Drachten)"
"115","Adelskerk van Oud Beets","http://nl.wikipedia.org/wiki/Adelskerk_van_Oud_Beets"
"116","Kasteel Upladen","http://nl.wikipedia.org/wiki/Kasteel_Upladen"
"117","Monnikenhuize","http://nl.wikipedia.org/wiki/Monnikenhuize"
"118","Kasteel Brakel","http://nl.wikipedia.org/wiki/Kasteel_Brakel"
"119","Bommelse Brug","http://nl.wikipedia.org/wiki/Bommelse_Brug"
"120","HollandRama","http://nl.wikipedia.org/wiki/HollandRama"
"121","Nieuw-Monnikenhuize","http://nl.wikipedia.org/wiki/Nieuw-Monnikenhuize"
"122","Harreveld","http://nl.wikipedia.org/wiki/Harreveld_(havezate)"
"123","Kasteel Bronkhorst","http://nl.wikipedia.org/wiki/Kasteel_Bronkhorst_(Gelderland)"
"124","Kasteel Bredevoort","http://nl.wikipedia.org/wiki/Kasteel_Bredevoort"
"125","Klooster Schaer","http://nl.wikipedia.org/wiki/Klooster_Schaer"
"126","Kasteel Lichtenvoorde","http://nl.wikipedia.org/wiki/Kasteel_Lichtenvoorde"
"127","Kasteel Sinderen","http://nl.wikipedia.org/wiki/Kasteel_Sinderen_(Oude_IJsselstreek)"
"128","Watertoren","http://nl.wikipedia.org/wiki/Watertoren_(Wageningen_Belvedère)"
"129","Boelenham","http://nl.wikipedia.org/wiki/Boelenham"
"130","Marhulsen","http://nl.wikipedia.org/wiki/Marhulsen"
"131","Marveld","http://nl.wikipedia.org/wiki/Marveld"
"132","Misterpoort","http://nl.wikipedia.org/wiki/Misterpoort"
"133","Watertoren","http://nl.wikipedia.org/wiki/Watertoren_(Ede)"
"134","Kasteel Hedel","http://nl.wikipedia.org/wiki/Kasteel_Hedel"
"135","Kasteel Batenburg","http://nl.wikipedia.org/wiki/Kasteel_Batenburg"
"136","Christus Koningkerk","http://nl.wikipedia.org/wiki/Christus_Koningkerk_(Nijmegen)"
"137","Middelbeek","http://nl.wikipedia.org/wiki/Middelbeek"
"138","Sint-Augustinuskerk","http://nl.wikipedia.org/wiki/Sint-Augustinuskerk_(Nijmegen)"
"139","Huis Appelenburg","http://nl.wikipedia.org/wiki/Huis_Appelenburg"
"140","Kasteel Gendt","http://nl.wikipedia.org/wiki/Kasteel_Gendt"
"141","Kasteel Byland","http://nl.wikipedia.org/wiki/Kasteel_Byland"
"142","Kasteel Poederoijen","http://nl.wikipedia.org/wiki/Kasteel_Poederoijen"
"143","Slot Ulft","http://nl.wikipedia.org/wiki/Slot_Ulft"
"144","Kasteel Heumen","http://nl.wikipedia.org/wiki/Kasteel_Heumen"
"145","Kasteel van Wageningen","http://nl.wikipedia.org/wiki/Kasteel_van_Wageningen"
"146","Kasteel Aalst","http://nl.wikipedia.org/wiki/Kasteel_Aalst"
"147","Kasteel Culemborg","http://nl.wikipedia.org/wiki/Kasteel_Culemborg"
"148","Huis Crayestein","http://nl.wikipedia.org/wiki/Huis_Crayestein"
"149","Kasteel Doornik","http://nl.wikipedia.org/wiki/Kasteel_Doornik"
"150","Oude watertoren","http://nl.wikipedia.org/wiki/Oude_watertoren_(Tiel)"
"151","Kasteel Sinderen","http://nl.wikipedia.org/wiki/Kasteel_Sinderen_(Voorst)"
"152","Tollenburg","http://nl.wikipedia.org/wiki/Tollenburg"
"153","Janspoort","http://nl.wikipedia.org/wiki/Janspoort"
"154","Huis Geldersweert","http://nl.wikipedia.org/wiki/Huis_Geldersweert"
"155","Velperpoort","http://nl.wikipedia.org/wiki/Velperpoort"
"156","Ros-Oliemolen","http://nl.wikipedia.org/wiki/Ros-Oliemolen_(Zieuwent)"
"157","Boerderij met kapschuur","http://nl.wikipedia.org/wiki/Boerderij_met_kapschuur"
"158","Rijnpoort","http://nl.wikipedia.org/wiki/Rijnpoort"
"159","Klarenbeek","http://nl.wikipedia.org/wiki/Klarenbeek_(stadion)"
"160","Kermestein","http://nl.wikipedia.org/wiki/Kermestein"
"161","Kasteel Didam","http://nl.wikipedia.org/wiki/Kasteel_Didam"
"162","Nettelhorst","http://nl.wikipedia.org/wiki/Nettelhorst_(havezate)"
"163","Kleefse burcht","http://nl.wikipedia.org/wiki/Kleefse_burcht"
"164","Tongerlo","http://nl.wikipedia.org/wiki/Tongerlo_(havezate)"
"165","Zwanenburg","http://nl.wikipedia.org/wiki/Zwanenburg_(Megchelen)"
"166","Alkmaarderhout","http://nl.wikipedia.org/wiki/Alkmaarderhout"
"167","Berkenrode","http://nl.wikipedia.org/wiki/Berkenrode"
"168","Studio Irene","http://nl.wikipedia.org/wiki/Studio_Irene"
"169","Kasteel Oud Haerlem","http://nl.wikipedia.org/wiki/Kasteel_Oud_Haerlem"
"170","Watertoren","http://nl.wikipedia.org/wiki/Watertoren_(Weesp)"
"171","Oude watertoren","http://nl.wikipedia.org/wiki/Oude_watertoren_(Den_Helder)"
"172","Kasteel Ter Wijc","http://nl.wikipedia.org/wiki/Kasteel_Ter_Wijc"
"173","Dennenrode","http://nl.wikipedia.org/wiki/Dennenrode_(flatgebouw)"
"174","De Oude Wolf","http://nl.wikipedia.org/wiki/De_Oude_Wolf"
"175","Petersburg","http://nl.wikipedia.org/wiki/Petersburg_(buitenplaats)"
"176","Hoogduitse Schouwburg","http://nl.wikipedia.org/wiki/Hoogduitse_Schouwburg"
"177","Koepoort","http://nl.wikipedia.org/wiki/Koepoort_(Hoorn)"
"178","Stolpboerderij","http://nl.wikipedia.org/wiki/Stolpboerderij_(Zuid-Scharwoude)"
"179","Noorderpoort","http://nl.wikipedia.org/wiki/Noorderpoort_(Hoorn)"
"180","Oude Oosterpoort","http://nl.wikipedia.org/wiki/Oude_Oosterpoort"
"181","Wasserij-Blekerij","http://nl.wikipedia.org/wiki/Wasserij-Blekerij_(Overveen)"
"182","Westerpoort","http://nl.wikipedia.org/wiki/Westerpoort_(Hoorn)"
"183","Fort aan het Schiphol","http://nl.wikipedia.org/wiki/Fort_aan_het_Schiphol"
"184","Heilige Stede","http://nl.wikipedia.org/wiki/Heilige_Stede"
"185","Leidsepoort","http://nl.wikipedia.org/wiki/Leidsepoort"
"186","Stadion De Meer","http://nl.wikipedia.org/wiki/Stadion_De_Meer"
"187","Maria Magdalenakerk","http://nl.wikipedia.org/wiki/Maria_Magdalenakerk_(Amsterdam)"
"189","Station Amsterdam De Vlugtlaan","http://nl.wikipedia.org/wiki/Station_Amsterdam_De_Vlugtlaan"
"190","Sint Olofspoort","http://nl.wikipedia.org/wiki/Sint_Olofspoort"
"191","Hembrug","http://nl.wikipedia.org/wiki/Hembrug_(brug)"
"192","Weesperpoort","http://nl.wikipedia.org/wiki/Weesperpoort"
"193","Station Amsterdam Weesperpoort","http://nl.wikipedia.org/wiki/Station_Amsterdam_Weesperpoort"
"195","Naatje van de Dam","http://nl.wikipedia.org/wiki/Naatje_van_de_Dam"
"196","Schouwburg van Van Campen","http://nl.wikipedia.org/wiki/Schouwburg_van_Van_Campen"
"197","Bushuis","http://nl.wikipedia.org/wiki/Bushuis"
"198","Jan Roodenpoortstoren","http://nl.wikipedia.org/wiki/Jan_Roodenpoortstoren"
"199","Haringpakkerstoren","http://nl.wikipedia.org/wiki/Haringpakkerstoren"
"200","Station Amsterdam Koenenkade","http://nl.wikipedia.org/wiki/Station_Amsterdam_Koenenkade"
"201","Station Amsterdam Westerdok","http://nl.wikipedia.org/wiki/Station_Amsterdam_Westerdok"
"202","Station Amsterdam Zaanstraat","http://nl.wikipedia.org/wiki/Station_Amsterdam_Zaanstraat"
"203","Station Amsterdam Petroleumhaven","http://nl.wikipedia.org/wiki/Station_Amsterdam_Petroleumhaven"
"205","De Liefde","http://nl.wikipedia.org/wiki/De_Liefde_(Amsterdam)"
"206","Meerhuizen","http://nl.wikipedia.org/wiki/Meerhuizen_(hofstede)"
"207","Stopplaats Spaarndammerdijk-Houthaven","http://nl.wikipedia.org/wiki/Stopplaats_Spaarndammerdijk-Houthaven"
"208","Stopplaats Sint Anthoniedijk","http://nl.wikipedia.org/wiki/Stopplaats_Sint_Anthoniedijk"
"209","Wibauthuis","http://nl.wikipedia.org/wiki/Wibauthuis"
"210","Sint-Annakerk","http://nl.wikipedia.org/wiki/Sint-Annakerk_(Amsterdam)"
"211","Sint-Catharinakerk","http://nl.wikipedia.org/wiki/Sint-Catharinakerk_(Amsterdam)"
"212","Sint-Bonifatiuskerk","http://nl.wikipedia.org/wiki/Sint-Bonifatiuskerk_(Amsterdam)"
"213","Station Amsterdam Oosterdok","http://nl.wikipedia.org/wiki/Station_Amsterdam_Oosterdok"
"214","Rondeel","http://nl.wikipedia.org/wiki/Rondeel_(Amsterdam)"
"215","Kloveniersdoelen","http://nl.wikipedia.org/wiki/Kloveniersdoelen_(Amsterdam)"
"216","Zilverberg","http://nl.wikipedia.org/wiki/Zilverberg_(Amsterdam)"
"217","Swych Utrecht","http://nl.wikipedia.org/wiki/Swych_Utrecht"
"218","Voetboogdoelen","http://nl.wikipedia.org/wiki/Voetboogdoelen_(Amsterdam)"
"219","Staalhof","http://nl.wikipedia.org/wiki/Staalhof_(Amsterdam)"
"220","Post CS-gebouw","http://nl.wikipedia.org/wiki/Post_CS-gebouw"
"221","Beurs van Zocher","http://nl.wikipedia.org/wiki/Beurs_van_Zocher"
"222","Fort van Sjako","http://nl.wikipedia.org/wiki/Fort_van_Sjako"
"223","Paalhuis","http://nl.wikipedia.org/wiki/Paalhuis"
"224","Sint Jorishof","http://nl.wikipedia.org/wiki/Sint_Jorishof_(Amsterdam)"
"225","Sint-Paulusbroederklooster","http://nl.wikipedia.org/wiki/Sint-Paulusbroederklooster"
"226","Maupoleum","http://nl.wikipedia.org/wiki/Maupoleum"
"227","Buitengasthuis","http://nl.wikipedia.org/wiki/Buitengasthuis_(Amsterdam)"
"228","Oude Brug","http://nl.wikipedia.org/wiki/Oude_Brug_(Amsterdam)"
"229","Korenbeurs","http://nl.wikipedia.org/wiki/Korenbeurs_(Amsterdam)"
"230","Noodziekenhuis Zeeburg","http://nl.wikipedia.org/wiki/Noodziekenhuis_Zeeburg"
"231","Heiligewegspoort","http://nl.wikipedia.org/wiki/Heiligewegspoort"
"232","Het Houten Stadion","http://nl.wikipedia.org/wiki/Het_Houten_Stadion"
"233","Utrechtsepoort","http://nl.wikipedia.org/wiki/Utrechtsepoort_(Amsterdam)"
"234","Boterwaag","http://nl.wikipedia.org/wiki/Boterwaag_(Amsterdam)"
"236","Weteringpoort","http://nl.wikipedia.org/wiki/Weteringpoort_(Amsterdam)"
"238","Centraal Theater","http://nl.wikipedia.org/wiki/Nederlandsch_Panopticum"
"239","Beurs van Hendrick de Keyser","http://nl.wikipedia.org/wiki/Beurs_van_Hendrick_de_Keyser"
"240","Blooker","http://nl.wikipedia.org/wiki/Blooker_(fabriek)"
"241","Korsjespoort","http://nl.wikipedia.org/wiki/Korsjespoort"
"242","Leprozenhuis","http://nl.wikipedia.org/wiki/Leprozenhuis_(Amsterdam)"
"244","Parkschouwburg","http://nl.wikipedia.org/wiki/Parkschouwburg_(Amsterdam)"
"245","Oude Doelen","http://nl.wikipedia.org/wiki/Oude_Doelen_(Amsterdam)"
"246","Oude Stadhuis van Amsterdam","http://nl.wikipedia.org/wiki/Oude_Stadhuis_van_Amsterdam"
"247","Woonoord Atatürk","http://nl.wikipedia.org/wiki/Woonoord_Atatürk"
"248","Woestduinkerk","http://nl.wikipedia.org/wiki/Woestduinkerk"
"249","Spaarnekerk","http://nl.wikipedia.org/wiki/Spaarnekerk"
"250","Kleine Houtpoort","http://nl.wikipedia.org/wiki/Kleine_Houtpoort_(Haarlem)"
"252","Abdij van Binderen","http://nl.wikipedia.org/wiki/Abdij_van_Binderen"
"253","Vliegveld Keent","http://nl.wikipedia.org/wiki/Vliegveld_Keent"
"254","Kasteel Strijen","http://nl.wikipedia.org/wiki/Kasteel_Strijen_(Oosterhout)"
"255","Watertoren","http://nl.wikipedia.org/wiki/Watertoren_(Kaatsheuvel)"
"256","Watertoren","http://nl.wikipedia.org/wiki/Watertoren_(Dinteloord)"
"257","Watertoren","http://nl.wikipedia.org/wiki/Watertoren_(Fijnaart)"
"258","Hongerenborgh","http://nl.wikipedia.org/wiki/Hongerenborgh_(Heusden)"
"259","Stompe Toren","http://nl.wikipedia.org/wiki/Stompe_Toren_(Woensdrecht)"
"260","Oude watertoren","http://nl.wikipedia.org/wiki/Oude_watertoren_(Steenbergen)"
"261","Oude watertoren","http://nl.wikipedia.org/wiki/Oude_watertoren_(Helmond)"
"262","Watertoren","http://nl.wikipedia.org/wiki/Watertoren_(Udenhout_Assisië)"
"263","Oude watertoren","http://nl.wikipedia.org/wiki/Oude_watertoren_(Zevenbergen)"
"264","Watertoren","http://nl.wikipedia.org/wiki/Watertoren_(Gilze)"
"265","Oude watertoren","http://nl.wikipedia.org/wiki/Oude_watertoren_(Almkerk)"
"266","Oud-Herlaar","http://nl.wikipedia.org/wiki/Oud-Herlaar"
"267","Kasteel van Oss","http://nl.wikipedia.org/wiki/Kasteel_van_Oss"
"268","Synagoge","http://nl.wikipedia.org/wiki/Synagoge_(Bergen_op_Zoom)"
"269","Kasteel Ter Aa","http://nl.wikipedia.org/wiki/Kasteel_Ter_Aa_(Berlicum)"
"270","Huize Assendelft","http://nl.wikipedia.org/wiki/Huize_Assendelft"
"271","Kasteel Baarschot","http://nl.wikipedia.org/wiki/Kasteel_Baarschot"
"272","Kasteel van Hedikhuizen","http://nl.wikipedia.org/wiki/Kasteel_van_Hedikhuizen"
"273","Kasteel Heusden","http://nl.wikipedia.org/wiki/Kasteel_Heusden"
"274","Nieuwenroy","http://nl.wikipedia.org/wiki/Nieuwenroy"
"275","Kasteel Heesbeen","http://nl.wikipedia.org/wiki/Kasteel_Heesbeen"
"276","Slot Grimhuijsen","http://nl.wikipedia.org/wiki/Slot_Grimhuijsen"
"277","Synagoge","http://nl.wikipedia.org/wiki/Synagoge_(Geertruidenberg)"
"278","Kasteel IJpelaar","http://nl.wikipedia.org/wiki/Kasteel_IJpelaar"
"279","Vier arbeidershuisjes","http://nl.wikipedia.org/wiki/Vier_arbeidershuisjes_(Tilburg)"
"280","Bierbrouwerij de Roskam","http://nl.wikipedia.org/wiki/Bierbrouwerij_de_Roskam"
"281","Vluchtoord Uden","http://nl.wikipedia.org/wiki/Vluchtoord_Uden"
"282","Vughter Poort","http://nl.wikipedia.org/wiki/Vughter_Poort"
"283","Tempel van Empel","http://nl.wikipedia.org/wiki/Tempel_van_Empel"
"284","Orthense Poort","http://nl.wikipedia.org/wiki/Orthense_Poort"
"285","Vrouwenconvent Sint-Geertrui","http://nl.wikipedia.org/wiki/Vrouwenconvent_Sint-Geertrui"
"286","Baseldonkpoort","http://nl.wikipedia.org/wiki/Baseldonkpoort"
"287","Sint-Janspoort","http://nl.wikipedia.org/wiki/Sint-Janspoort"
"288","Station Orthen","http://nl.wikipedia.org/wiki/Station_Orthen"
"289","Hinthamer Poort","http://nl.wikipedia.org/wiki/Hinthamer_Poort"
"290","Pijnappelsche Poort","http://nl.wikipedia.org/wiki/Pijnappelsche_Poort"
"291","Boompoort","http://nl.wikipedia.org/wiki/Boompoort"
"292","Swengelbrug","http://nl.wikipedia.org/wiki/Swengelbrug"
"293","Stoom-Bierbrouwerij De Ster","http://nl.wikipedia.org/wiki/Stoom-Bierbrouwerij_De_Ster"
"294","Molen Parklaan","http://nl.wikipedia.org/wiki/Molen_Parklaan"
"295","Sandvlietmolen","http://nl.wikipedia.org/wiki/Sandvlietmolen"
"296","Baseldonk","http://nl.wikipedia.org/wiki/Baseldonk"
"297","Monta Stoomschoenenfabriek","http://nl.wikipedia.org/wiki/Monta_Stoomschoenenfabriek"
"298","Bogardenklooster","http://nl.wikipedia.org/wiki/Bogardenklooster"
"299","Du Commerce","http://nl.wikipedia.org/wiki/Du_Commerce"
"300","Sportpark De Hooge Donken","http://nl.wikipedia.org/wiki/Sportpark_De_Hooge_Donken"
"302","De Annenborch","http://nl.wikipedia.org/wiki/De_Annenborch"
"303","Station Sprokkelbosch","http://nl.wikipedia.org/wiki/Station_Sprokkelbosch"
"304","Goldfinger","http://nl.wikipedia.org/wiki/Goldfinger_(discotheek)"
"305","Sportpark Coudewater","http://nl.wikipedia.org/wiki/Sportpark_Coudewater"
"306","Bont pertje","http://nl.wikipedia.org/wiki/Bont_pertje"
"307","Station Kruisstraat","http://nl.wikipedia.org/wiki/Station_Kruisstraat"
"308","Klooster van Meeuwen","http://nl.wikipedia.org/wiki/Klooster_van_Meeuwen"
"309","Molen Duffhues","http://nl.wikipedia.org/wiki/Molen_Duffhues"
"310","Fort Orthen","http://nl.wikipedia.org/wiki/Fort_Orthen"
"312","Engeler Schans","http://nl.wikipedia.org/wiki/Engeler_Schans"
"313","Fort Dieze","http://nl.wikipedia.org/wiki/Fort_Dieze"
"314","Bastion Vught","http://nl.wikipedia.org/wiki/Bastion_Vught"
"316","Bastion Baselaar","http://nl.wikipedia.org/wiki/Bastion_Baselaar"
"317","Bastion Deuteren","http://nl.wikipedia.org/wiki/Bastion_Deuteren"
"318","Bastion Sint-Marie","http://nl.wikipedia.org/wiki/Bastion_Sint-Marie"
"319","Bastion Grobbendonck","http://nl.wikipedia.org/wiki/Bastion_Grobbendonck"
"320","Hinthamerbolwerk","http://nl.wikipedia.org/wiki/Hinthamerbolwerk"
"321","Muntelbolwerk","http://nl.wikipedia.org/wiki/Muntelbolwerk"
"322","Bastion Sint-Anthonie","http://nl.wikipedia.org/wiki/Bastion_Sint-Anthonie"
"323","Pettelaarse schans","http://nl.wikipedia.org/wiki/Pettelaarse_schans"
"324","Fort Sint-Anthonie","http://nl.wikipedia.org/wiki/Fort_Sint-Anthonie"
"325","Vughter Poort","http://nl.wikipedia.org/wiki/Vughter_Poort"
"326","Orthense Poort","http://nl.wikipedia.org/wiki/Orthense_Poort"
"328","Sint-Janspoort","http://nl.wikipedia.org/wiki/Sint-Janspoort"
"330","Pijnappelsche Poort","http://nl.wikipedia.org/wiki/Pijnappelsche_Poort"
"332","Molensteegpoort","http://nl.wikipedia.org/wiki/Molensteegpoort"
"333","Animali Vogel- en dierenpark","http://nl.wikipedia.org/wiki/Animali_Vogel-_en_dierenpark"
"334","Stratumse Watermolen","http://nl.wikipedia.org/wiki/Stratumse_Watermolen"
"335","Woenselse Watermolen","http://nl.wikipedia.org/wiki/Woenselse_Watermolen"
"336","Blaarthemse Watermolen","http://nl.wikipedia.org/wiki/Blaarthemse_Watermolen"
"337","Kasteel Beauregard","http://nl.wikipedia.org/wiki/Kasteel_Beauregard"
"338","Kasteel Gagelbosch","http://nl.wikipedia.org/wiki/Kasteel_Gagelbosch"
"339","Kasteel van Eindhoven","http://nl.wikipedia.org/wiki/Kasteel_van_Eindhoven"
"340","Kasteel Blaarthem","http://nl.wikipedia.org/wiki/Kasteel_Blaarthem"
"341","Kasteel Beauregard","https://nl.wikipedia.org/wiki/Kasteel_Beauregard"
"342","Kasteel Ten Hage","https://nl.wikipedia.org/wiki/Klooster_Mariënhage"
"344","Stadion Het Diekman","http://nl.wikipedia.org/wiki/Stadion_Het_Diekman"
"345","Sint-Antoniusklooster","http://nl.wikipedia.org/wiki/Sint-Antoniusklooster"
"347","Mariënklooster","http://nl.wikipedia.org/wiki/Mariënklooster"
"348","Beugelskamp","http://nl.wikipedia.org/wiki/Beugelskamp"
"349","Boerderij de Caterstee","http://nl.wikipedia.org/wiki/Boerderij_de_Caterstee_(Kadoelen)"
"350","Hunenborg","http://nl.wikipedia.org/wiki/Hunenborg"
"351","Arendshorst","http://nl.wikipedia.org/wiki/Arendshorst"
"352","Kamp Kloosterhaar","http://nl.wikipedia.org/wiki/Kamp_Kloosterhaar"
"353","Kasteel de Waerdenborch","http://nl.wikipedia.org/wiki/Kasteel_de_Waerdenborch"
"354","Kamp De Vecht","http://nl.wikipedia.org/wiki/Kamp_De_Vecht"
"355","Congregatie van Windesheim","http://nl.wikipedia.org/wiki/Congregatie_van_Windesheim"
"356","Golden-Wonder","http://nl.wikipedia.org/wiki/Golden-Wonder"
"357","Kasteel Voorst","http://nl.wikipedia.org/wiki/Kasteel_Voorst"
"358","Oosterenkstadion","http://nl.wikipedia.org/wiki/Oosterenkstadion"
"359","Huis Werkeren","http://nl.wikipedia.org/wiki/Huis_Werkeren"
"360","Kamperpoort","http://nl.wikipedia.org/wiki/Kamperpoort_(stadspoort)"
"361","Vispoort","http://nl.wikipedia.org/wiki/Vispoort_(Zwolle)"
"362","Diezerpoort","http://nl.wikipedia.org/wiki/Diezerpoort_(stadspoort)"
"363","Luttekepoort","http://nl.wikipedia.org/wiki/Luttekepoort_(Zwolle)"
"364","Steenpoort","http://nl.wikipedia.org/wiki/Steenpoort_(Zwolle)"
"365","Kranenburg","http://nl.wikipedia.org/wiki/Kranenburg_(Overijssel)"
"366","Woodhenge","http://nl.wikipedia.org/wiki/Woodhenge_(Zwolle)"
"367","Rode Toren","http://nl.wikipedia.org/wiki/Rode_Toren_(Zwolle)"
"368","Campherbeek","http://nl.wikipedia.org/wiki/Campherbeek"
"369","Waterpoort","http://nl.wikipedia.org/wiki/Waterpoort_(Zwolle)"
"370","Watertoren","http://nl.wikipedia.org/wiki/Watertoren_(Lichtmis)"
"371","Station Mastenbroek","http://nl.wikipedia.org/wiki/Station_Mastenbroek"
"372","Station Zwolle Veerallee","http://nl.wikipedia.org/wiki/Station_Zwolle_Veerallee"
"373","Stopplaats Herculo","http://nl.wikipedia.org/wiki/Stopplaats_Herculo"
"374","Stopplaats Berkum","http://nl.wikipedia.org/wiki/Stopplaats_Berkum"
"375","Stopplaats Ittersum","http://nl.wikipedia.org/wiki/Stopplaats_Ittersum"
"376","Het Bleekien","http://nl.wikipedia.org/wiki/Het_Bleekien"
"377","Sportpark De Vrolijkheid","http://nl.wikipedia.org/wiki/Sportpark_De_Vrolijkheid"
"378","Abdij van Aduard","http://nl.wikipedia.org/wiki/Abdij_van_Aduard"
"379","Dijkhuizen","http://nl.wikipedia.org/wiki/Dijkhuizen_(borg)"
"380","Englumborg","http://nl.wikipedia.org/wiki/Englumborg"
"381","Klooster Bloemhof","http://nl.wikipedia.org/wiki/Klooster_Bloemhof"
"382","Hanckemaborg","http://nl.wikipedia.org/wiki/Hanckemaborg"
"383","Reitsema","http://nl.wikipedia.org/wiki/Reitsema_(borg)"
"384","Huis Bijma","http://nl.wikipedia.org/wiki/Huis_Bijma"
"385","Helperlinie","http://nl.wikipedia.org/wiki/Helperlinie"
"386","De Staart","http://nl.wikipedia.org/wiki/De_Staart_(Groningen)"
"387","Klooster Juliana","http://nl.wikipedia.org/wiki/Klooster_Juliana"
"388","Synagoge","http://nl.wikipedia.org/wiki/Synagoge_(Bad_Nieuweschans)"
"389","Emdaborg","http://nl.wikipedia.org/wiki/Emdaborg"
"390","Gaykingaheerd","http://nl.wikipedia.org/wiki/Gaykingaheerd"
"391","Juckema","http://nl.wikipedia.org/wiki/Juckema_(borg)"
"392","Gronenburg","http://nl.wikipedia.org/wiki/Gronenburg"
"393","Tuwinga","http://nl.wikipedia.org/wiki/Tuwinga"
"394","Meininga","http://nl.wikipedia.org/wiki/Meininga"
"395","Hettema","http://nl.wikipedia.org/wiki/Hettema_(borg)"
"396","Bolwerk","http://nl.wikipedia.org/wiki/Bolwerk_(Noordlaren)"
"397","Scholtenhuis","http://nl.wikipedia.org/wiki/Scholtenhuis"
"398","Wolters-Noordhoff Complex","http://nl.wikipedia.org/wiki/Wolters-Noordhoff_Complex"
"399","Jacobijnerklooster","http://nl.wikipedia.org/wiki/Jacobijnerklooster_(Groningen)"
"400","Broerkerk","http://nl.wikipedia.org/wiki/Broerkerk_(Groningen)"
"401","Nieuwe Stadhuis","http://nl.wikipedia.org/wiki/Nieuwe_Stadhuis"
"402","Oude Politieburo","http://nl.wikipedia.org/wiki/Oude_Politieburo"
"403","Blauwe Weeshuis","http://nl.wikipedia.org/wiki/Blauwe_Weeshuis"
"405","Arx Nova","http://nl.wikipedia.org/wiki/Arx_Nova"
"406","Boter en Broodhuisje","http://nl.wikipedia.org/wiki/Boter_en_Broodhuisje"
"407","Vuurtoren van Delfzijl","http://nl.wikipedia.org/wiki/Vuurtoren_van_Delfzijl_(1888)"
"408","Vuurtoren van Delfzijl","http://nl.wikipedia.org/wiki/Vuurtoren_van_Delfzijl_(1949)"
"409","Vuurtoren van Watum","http://nl.wikipedia.org/wiki/Vuurtoren_van_Watum"
"410","Watertoren","http://nl.wikipedia.org/wiki/Watertoren_(Wagenborgen)"
"411","Huis te Farmsum","http://nl.wikipedia.org/wiki/Huis_te_Farmsum"
"412","Farmsumer Poort","http://nl.wikipedia.org/wiki/Farmsumer_Poort"
"413","Landpoort","http://nl.wikipedia.org/wiki/Landpoort_(Delfzijl)"
"414","Halte Uitwierde","http://nl.wikipedia.org/wiki/Halte_Uitwierde"
"415","Dijksterhuis","http://nl.wikipedia.org/wiki/Dijksterhuis_(borg)"
"416","Station Wehe-Den Hoorn","http://nl.wikipedia.org/wiki/Station_Wehe-Den_Hoorn"
"417","Asingaborg","http://nl.wikipedia.org/wiki/Asingaborg_(Ulrum)"
"418","Station Eenrum","http://nl.wikipedia.org/wiki/Station_Eenrum"
"419","Gaykingaborg","http://nl.wikipedia.org/wiki/Gaykingaborg"
"420","Panser","http://nl.wikipedia.org/wiki/Panser_(borg)"
"421","Lulemaborg","http://nl.wikipedia.org/wiki/Lulemaborg"
"422","Starkenborgh","http://nl.wikipedia.org/wiki/Starkenborgh_(Groningen)"
"423","Burcht van Voorne","http://nl.wikipedia.org/wiki/Burcht_van_Voorne"
"424","Klooster Emmaüs te Stein","http://nl.wikipedia.org/wiki/Klooster_Emmaüs_te_Stein"
"425","Noordpoort","http://nl.wikipedia.org/wiki/Noordpoort_(Brielle)"
"427","Abdij van Rijnsburg","http://nl.wikipedia.org/wiki/Abdij_van_Rijnsburg"
"428","Amphora","http://nl.wikipedia.org/wiki/Amphora"
"429","Watertoren","http://nl.wikipedia.org/wiki/Watertoren_(Voorschoten)"
"430","Abdij van Loosduinen","http://nl.wikipedia.org/wiki/Abdij_van_Loosduinen"
"431","Kasteel Develstein","http://nl.wikipedia.org/wiki/Kasteel_Develstein"
"432","Heysterbach","http://nl.wikipedia.org/wiki/Heysterbach"
"433","Watertoren","http://nl.wikipedia.org/wiki/Watertoren_(Leerdam_1900)"
"434","Watertoren","http://nl.wikipedia.org/wiki/Watertoren_(Alphen_aan_den_Rijn_Prins_Hendrikstraat)"
"435","Eemsteyn","http://nl.wikipedia.org/wiki/Eemsteyn"
"436","Watertoren","http://nl.wikipedia.org/wiki/Watertoren_(Leerdam_1912)"
"437","Groot Poelgeest","http://nl.wikipedia.org/wiki/Groot_Poelgeest"
"438","Watertoren","http://nl.wikipedia.org/wiki/Watertoren_(Alphen_aan_den_Rijn_Hoorn)"
"439","Hof van Waarder","http://nl.wikipedia.org/wiki/Hof_van_Waarder"
"440","Slot Valckesteyn","http://nl.wikipedia.org/wiki/Slot_Valckesteyn"
"441","Foreest","http://nl.wikipedia.org/wiki/Foreest_(kasteel)"
"442","Kasteel Crayestein","http://nl.wikipedia.org/wiki/Kasteel_Crayestein"
"443","Woonboerderij","http://nl.wikipedia.org/wiki/Woonboerderij_(Hoogmade)"
"444","Kasteel Boekestein","http://nl.wikipedia.org/wiki/Kasteel_Boekestein"
"445","Kasteelberg Spreeuwenstein","http://nl.wikipedia.org/wiki/Kasteelberg_Spreeuwenstein"
"446","Kasteel Bulgersteyn","http://nl.wikipedia.org/wiki/Kasteel_Bulgersteyn"
"447","Slot Capelle","http://nl.wikipedia.org/wiki/Slot_Capelle"
"448","Vuurtoren van Oostvoorne","http://nl.wikipedia.org/wiki/Vuurtoren_van_Oostvoorne"
"449","Kasteel Polanen","http://nl.wikipedia.org/wiki/Kasteel_Polanen"
"450","Persijn","http://nl.wikipedia.org/wiki/Persijn_(kasteel)"
"451","Hofstede de Rustenburg","http://nl.wikipedia.org/wiki/Hofstede_de_Rustenburg"
"452","Brug over de Oude Maas","http://nl.wikipedia.org/wiki/Brug_over_de_Oude_Maas"
"453","De Blauwe Aanslag","http://nl.wikipedia.org/wiki/De_Blauwe_Aanslag"
"454","Station Den Haag Staatsspoor","http://nl.wikipedia.org/wiki/Station_Den_Haag_Staatsspoor"
"455","Station Scheveningen","http://nl.wikipedia.org/wiki/Station_Scheveningen"
"456","Station Wittebrug-Pompstation","http://nl.wikipedia.org/wiki/Station_Wittebrug-Pompstation"
"457","Station Waalsdorpscheweg","http://nl.wikipedia.org/wiki/Station_Waalsdorpscheweg"
"458","Houtrusthallen","http://nl.wikipedia.org/wiki/Houtrusthallen"
"459","Koninklijke Kunstzaal Kleykamp","http://nl.wikipedia.org/wiki/Koninklijke_Kunstzaal_Kleykamp"
"460","Boontjesmolen","http://nl.wikipedia.org/wiki/Boontjesmolen"
"461","Rustenburg","http://nl.wikipedia.org/wiki/Rustenburg_(landgoed)"
"462","Oranjekazerne","http://nl.wikipedia.org/wiki/Oranjekazerne_(Den_Haag)"
"463","Gebouw voor Kunsten en Wetenschappen","http://nl.wikipedia.org/wiki/Gebouw_voor_Kunsten_en_Wetenschappen_(Den_Haag)"
"465","Kasteel Westerbeek","http://nl.wikipedia.org/wiki/Kasteel_Westerbeek"
"466","Voormalig stadhuis aan de Patijnlaan","http://nl.wikipedia.org/wiki/Voormalig_stadhuis_aan_de_Patijnlaan"
"467","Boschlust","http://nl.wikipedia.org/wiki/Boschlust"
"468","Spuipoort","http://nl.wikipedia.org/wiki/Spuipoort"
"469","Metropole Tuschinski","http://nl.wikipedia.org/wiki/Metropole_Tuschinski"
"470","Zuiderparkstadion","http://nl.wikipedia.org/wiki/Zuiderparkstadion"
"471","De Seinpost","http://nl.wikipedia.org/wiki/De_Seinpost"
"472","De Ruygenhoek","http://nl.wikipedia.org/wiki/De_Ruygenhoek"
"473","Zwarte Madonna","http://nl.wikipedia.org/wiki/Zwarte_Madonna_(gebouw)"
"474","The House of Lords","http://nl.wikipedia.org/wiki/The_House_of_Lords_(restaurant)"
"475","Paddenpoel","http://nl.wikipedia.org/wiki/Paddenpoel_(kasteel)"
"476","Kasteel Cronesteyn","http://nl.wikipedia.org/wiki/Kasteel_Cronesteyn"
"477","Groenoordhallen","http://nl.wikipedia.org/wiki/Groenoordhallen"
"478","Station Leiden Heerensingel","http://nl.wikipedia.org/wiki/Station_Leiden_Heerensingel"
"479","Vrouwekerk","http://nl.wikipedia.org/wiki/Vrouwekerk"
"483","Schans Lammen","http://nl.wikipedia.org/wiki/Schans_Lammen"
"484","Sint-Catharinagasthuis","http://nl.wikipedia.org/wiki/Sint-Catharinagasthuis_(Leiden)"
"485","Kasteel Boshuysen","http://nl.wikipedia.org/wiki/Kasteel_Boshuysen"
"487","Sint-Petruskerk","http://nl.wikipedia.org/wiki/Sint-Petruskerk_(1836,_Leiden)"
"488","Doelenkazerne","http://nl.wikipedia.org/wiki/Doelenkazerne"
"489","Groenhoven","http://nl.wikipedia.org/wiki/Groenhoven_(Leiden)"
"490","De Oranjeboom","http://nl.wikipedia.org/wiki/De_Oranjeboom_(Leiden)"
"491","Oud-Hortuszicht","http://nl.wikipedia.org/wiki/Oud-Hortuszicht"
"492","Musis Sacrum","http://nl.wikipedia.org/wiki/Musis_Sacrum_(Leiden)"
"493","Onze-Lieve-Vrouw Hemelvaartkerk","http://nl.wikipedia.org/wiki/Onze-Lieve-Vrouw_Hemelvaartkerk_(Leiden)"
"495","Asschuur","http://nl.wikipedia.org/wiki/Asschuur_(Leiden)"
"499","Bergwegziekenhuis","http://nl.wikipedia.org/wiki/Bergwegziekenhuis"
"500","Delftsche Poort","http://nl.wikipedia.org/wiki/Delftsche_Poort_(stadspoort)"
"501","Station Rotterdam Hofplein","http://nl.wikipedia.org/wiki/Station_Rotterdam_Hofplein"
"502","Station Rotterdam Kleiweg","http://nl.wikipedia.org/wiki/Station_Rotterdam_Kleiweg"
"503","Station Rotterdam Wilgenplas","http://nl.wikipedia.org/wiki/Station_Rotterdam_Wilgenplas"
"504","Station Rotterdam Maas","http://nl.wikipedia.org/wiki/Station_Rotterdam_Maas"
"505","Coolsingelziekenhuis","http://nl.wikipedia.org/wiki/Coolsingelziekenhuis"
"506","Boezembarakken","http://nl.wikipedia.org/wiki/Boezembarakken"
"507","Station Rotterdam Delftsche Poort","http://nl.wikipedia.org/wiki/Station_Rotterdam_Delftsche_Poort"
"508","Plan C","http://nl.wikipedia.org/wiki/Plan_C_(Rotterdam)"
"509","Passage","http://nl.wikipedia.org/wiki/Passage_(Rotterdam)"
"510","Bethesdaziekenhuis","http://nl.wikipedia.org/wiki/Bethesdaziekenhuis_(Rotterdam)"
"511","Goederenstation Rotterdam Noord","http://nl.wikipedia.org/wiki/Goederenstation_Rotterdam_Noord"
"512","Huis ten Berghe","http://nl.wikipedia.org/wiki/Huis_ten_Berghe"
"513","Halte Mallegat","http://nl.wikipedia.org/wiki/Halte_Mallegat"
"514","Station Rotterdam Boerengat","http://nl.wikipedia.org/wiki/Station_Rotterdam_Boerengat"
"515","Halte Rotterdam Feijenoord","http://nl.wikipedia.org/wiki/Halte_Rotterdam_Feijenoord"
"516","Ypenhof","http://nl.wikipedia.org/wiki/Ypenhof"
"517","Watertoren","http://nl.wikipedia.org/wiki/Watertoren_(Rotterdam_IJsselmonde)"
"518","Watertoren","http://nl.wikipedia.org/wiki/Watertoren_(Rotterdam_Delfshaven)"
"519","De Noord","http://nl.wikipedia.org/wiki/De_Noord_(Rotterdam)"
"520","Eudokiaziekenhuis","http://nl.wikipedia.org/wiki/Eudokiaziekenhuis"
"521","Gebouw voor Kunsten en Wetenschappen","http://nl.wikipedia.org/wiki/Gebouw_voor_Kunsten_en_Wetenschappen_(Rotterdam)"
"522","Huis Keulen","http://nl.wikipedia.org/wiki/Huis_Keulen"
"523","Tivoli Schouwburg","http://nl.wikipedia.org/wiki/Tivoli_Schouwburg"
"524","De Beurs","http://nl.wikipedia.org/wiki/De_Beurs_(1736)"
"525","De Beurs","http://nl.wikipedia.org/wiki/De_Beurs_(1635)"
"526","Station Rotterdam Centraal","http://nl.wikipedia.org/wiki/Station_Rotterdam_Centraal_(1957)"
"527","Pauluskerk","http://nl.wikipedia.org/wiki/Pauluskerk_(Rotterdam)"
"528","Westerkerk","http://nl.wikipedia.org/wiki/Westerkerk_(Rotterdam)"
"529","Allerheiligst Hart van Jezuskerk","http://nl.wikipedia.org/wiki/Allerheiligst_Hart_van_Jezuskerk_(Rotterdam)"
"530","Bosjeskerk","http://nl.wikipedia.org/wiki/Bosjeskerk"
"531","Provenierskerk","http://nl.wikipedia.org/wiki/Provenierskerk"
"532","Stieltjeskerk","http://nl.wikipedia.org/wiki/Stieltjeskerk"
"533","Wilhelminakerk","http://nl.wikipedia.org/wiki/Wilhelminakerk_(Rotterdam)"
"534","Sint-Ignatiuskerk","http://nl.wikipedia.org/wiki/Sint-Ignatiuskerk_(Rotterdam)"
"535","Sint-Rosaliakerk","http://nl.wikipedia.org/wiki/Sint-Rosaliakerk"
"536","Koninginnekerk","http://nl.wikipedia.org/wiki/Koninginnekerk_(Rotterdam)"
"537","Putsepleinkerk","http://nl.wikipedia.org/wiki/Putsepleinkerk"
"538","Sint-Antonius-Abtkerk","http://nl.wikipedia.org/wiki/Sint-Antonius-Abtkerk_(Rotterdam)"
"539","Kasteel van Gouda","http://nl.wikipedia.org/wiki/Kasteel_van_Gouda"
"540","Kleiwegkerk","http://nl.wikipedia.org/wiki/Kleiwegkerk"
"541","Tristenburg","http://nl.wikipedia.org/wiki/Tristenburg"
"542","Burghvliet","http://nl.wikipedia.org/wiki/Burghvliet"
"543","Regulierenklooster","http://nl.wikipedia.org/wiki/Regulierenklooster_(Gouda)"
"544","Altena","http://nl.wikipedia.org/wiki/Altena_(Delft)"
"545","Bacinol","http://nl.wikipedia.org/wiki/Bacinol"
"546","Rotterdamse Poort","http://nl.wikipedia.org/wiki/Rotterdamse_Poort"
"547","Waterslootse Poort","http://nl.wikipedia.org/wiki/Waterslootse_Poort"
"549","Faculteitsgebouw Bouwkunde","http://nl.wikipedia.org/wiki/Faculteitsgebouw_Bouwkunde_(TU_Delft)"
"550","Sint-Hippolytuskerk","http://nl.wikipedia.org/wiki/Sint-Hippolytuskerk_(Delft)"
"551","Westerkerk","http://nl.wikipedia.org/wiki/Westerkerk_(Delft)"
"552","De Papegay","http://nl.wikipedia.org/wiki/De_Papegay"
"553","Duyvelsgatmolen","http://nl.wikipedia.org/wiki/Duyvelsgatmolen"
"554","Sprengmolen","http://nl.wikipedia.org/wiki/Sprengmolen"
"555","Sint-Joristoren","http://nl.wikipedia.org/wiki/Sint-Joristoren"
"556","Sint-Hieronymusdal","http://nl.wikipedia.org/wiki/Sint-Hieronymusdal_(Delft)"
"557","Minderbroederklooster","http://nl.wikipedia.org/wiki/Minderbroederklooster_(Delft)"
"558","Sint-Claraklooster","http://nl.wikipedia.org/wiki/Sint-Claraklooster_(Delft)"
"559","Sint-Corneliuskapel","http://nl.wikipedia.org/wiki/Sint-Corneliuskapel_(Delft)"
"560","Maranathakerk","http://nl.wikipedia.org/wiki/Maranathakerk_(Delft)"
"561","Sint Joris Gasthuis","http://nl.wikipedia.org/wiki/Sint_Joris_Gasthuis"
"562","Middengolfzender Lopik","http://nl.wikipedia.org/wiki/Middengolfzender_Lopik"
"563","Watertoren","http://nl.wikipedia.org/wiki/Watertoren_(Maarssen)"
"564","Watertoren","http://nl.wikipedia.org/wiki/Watertoren_(Oudewater)"
"565","Kasteel Schonauwen","http://nl.wikipedia.org/wiki/Kasteel_Schonauwen"
"566","Kamperbuitenpoort","http://nl.wikipedia.org/wiki/Kamperbuitenpoort"
"567","Ter Meer","http://nl.wikipedia.org/wiki/Ter_Meer"
"568","Sint Andriespoort","http://nl.wikipedia.org/wiki/Sint_Andriespoort"
"569","Slijkpoort","http://nl.wikipedia.org/wiki/Slijkpoort"
"570","Kasteel Ten Goye","http://nl.wikipedia.org/wiki/Kasteel_Ten_Goye"
"571","Kasteel Oud-Wulven","http://nl.wikipedia.org/wiki/Kasteel_Oud-Wulven"
"572","De Beest","http://nl.wikipedia.org/wiki/De_Beest"
"573","Clarenborg","http://nl.wikipedia.org/wiki/Clarenborg"
"574","Groenewoude","http://nl.wikipedia.org/wiki/Groenewoude_(Woudenberg)"
"575","Lichtenberg","http://nl.wikipedia.org/wiki/Lichtenberg_(Woudenberg)"
"576","Marckenburg","http://nl.wikipedia.org/wiki/Marckenburg"
"577","Huis Ter Eem","http://nl.wikipedia.org/wiki/Huis_Ter_Eem"
"578","Grijpestein","http://nl.wikipedia.org/wiki/Grijpestein"
"579","Kasteel Levendaal","http://nl.wikipedia.org/wiki/Kasteel_Levendaal"
"580","Snaafburg","http://nl.wikipedia.org/wiki/Snaafburg"
"581","Kasteel Schalkwijk","http://nl.wikipedia.org/wiki/Kasteel_Schalkwijk"
"582","Kasteel Linschoten","http://nl.wikipedia.org/wiki/Kasteel_Linschoten"
"583","Wulven","http://nl.wikipedia.org/wiki/Wulven"
"584","Huis te Woudenberg","http://nl.wikipedia.org/wiki/Huis_te_Woudenberg_(I)"
"585","Oostervecht","http://nl.wikipedia.org/wiki/Oostervecht"
"586","Wallestein","https://nl.wikipedia.org/wiki/Wallestein"
"587","Otterspoor","http://nl.wikipedia.org/wiki/Otterspoor_(buitenplaats)"
"588","Hofwerk","http://nl.wikipedia.org/wiki/Hofwerk"
"589","Ouderhoek","http://nl.wikipedia.org/wiki/Ouderhoek"
"590","Elsenburg","http://nl.wikipedia.org/wiki/Elsenburg_(Maarssen)"
"591","Hoogevecht","http://nl.wikipedia.org/wiki/Hoogevecht"
"592","Soetendaal","http://nl.wikipedia.org/wiki/Soetendaal"
"594","De IJsvogel","http://nl.wikipedia.org/wiki/De_IJsvogel"
"595","Groot-seminarie Rijsenburg","http://nl.wikipedia.org/wiki/Groot-seminarie_Rijsenburg"
"596","Kronenburg","http://nl.wikipedia.org/wiki/Kronenburg_(kasteel)"
"597","Zendmast bij het Paardenveld","http://nl.wikipedia.org/wiki/Zendmast_bij_het_Paardenveld"
"598","Stopplaats Vechtbrug","http://nl.wikipedia.org/wiki/Stopplaats_Vechtbrug"
"599","Stopplaats Amsterdamsche Straatweg","http://nl.wikipedia.org/wiki/Stopplaats_Amsterdamsche_Straatweg"
"600","Stopplaats Jeremiebrug","http://nl.wikipedia.org/wiki/Stopplaats_Jeremiebrug"
"601","Spoorwegknooppunt Blauwkapel","http://nl.wikipedia.org/wiki/Spoorwegknooppunt_Blauwkapel"
"602","Catharijnepoort","http://nl.wikipedia.org/wiki/Catharijnepoort_(Utrecht)"
"603","Tolsteegpoorten","http://nl.wikipedia.org/wiki/Tolsteegpoorten"
"604","Weerdpoort","http://nl.wikipedia.org/wiki/Weerdpoort"
"605","Wittevrouwenpoort","http://nl.wikipedia.org/wiki/Wittevrouwenpoort"
"606","Watertoren","http://nl.wikipedia.org/wiki/Watertoren_(Utrecht_Riouwstraat)"
"607","Andreasklooster","http://nl.wikipedia.org/wiki/Andreasklooster_(Utrecht)"
"608","Bijlhouwerstoren","http://nl.wikipedia.org/wiki/Bijlhouwerstoren"
"609","Kranenburg","http://nl.wikipedia.org/wiki/Kranenburg_(molen)"
"610","Klooster Bethlehem","http://nl.wikipedia.org/wiki/Klooster_Bethlehem_(Utrecht)"
"611","Everstein","http://nl.wikipedia.org/wiki/Everstein_(Jutphaas)"
"612","Kasteel Rijnenburg","http://nl.wikipedia.org/wiki/Kasteel_Rijnenburg"
"613","Huis te Voorn","http://nl.wikipedia.org/wiki/Huis_te_Voorn"
"614","Manenborgh","http://nl.wikipedia.org/wiki/Manenborgh"
"615","Rodenburg","http://nl.wikipedia.org/wiki/Rodenburg_(Utrecht)"
"616","Morgenster","http://nl.wikipedia.org/wiki/Morgenster_(bastion)"
"618","Utrechtsche Asphaltfabriek","http://nl.wikipedia.org/wiki/Utrechtsche_Asphaltfabriek"
"619","Bottestein","http://nl.wikipedia.org/wiki/Bottestein"
"620","Clarenburg","http://nl.wikipedia.org/wiki/Clarenburg"
"621","Smeetoren","http://nl.wikipedia.org/wiki/Smeetoren"
"622","Rijnestein","http://nl.wikipedia.org/wiki/Rijnestein"
"623","Lepelenburg","http://nl.wikipedia.org/wiki/Lepelenburg"
"624","Pellecussenpoort","http://nl.wikipedia.org/wiki/Pellecussenpoort"
"625","Sterrenburg","http://nl.wikipedia.org/wiki/Sterrenburg_(Utrecht)"
"626","Gemeentelijke Gasfabriek","http://nl.wikipedia.org/wiki/Gemeentelijke_Gasfabriek_(Utrecht)"
"627","Plompetoren","http://nl.wikipedia.org/wiki/Plompetoren_(Utrecht)"
"628","Emmakliniek","http://nl.wikipedia.org/wiki/Emmakliniek"
"629","De Kat","http://nl.wikipedia.org/wiki/De_Kat_(Utrecht)"
"630","De Meiboom","http://nl.wikipedia.org/wiki/De_Meiboom_(molen)"
"631","De Korenschoof","http://nl.wikipedia.org/wiki/De_Korenschoof_(Utrecht)"
"632","Gildpoort","http://nl.wikipedia.org/wiki/Gildpoort"
"633","Doofpoort","http://nl.wikipedia.org/wiki/Doofpoort"
"634","Zijdebalen","http://nl.wikipedia.org/wiki/Zijdebalen"
"636","Wittevrouwenklooster","http://nl.wikipedia.org/wiki/Wittevrouwenklooster_(Utrecht)"
"639","Wolvenburg","http://nl.wikipedia.org/wiki/Wolvenburg"
"640","Mariabolwerk","http://nl.wikipedia.org/wiki/Mariabolwerk"
"641","Begijnebolwerk","http://nl.wikipedia.org/wiki/Begijnebolwerk"
"642","De Gans","http://nl.wikipedia.org/wiki/De_Gans_(Utrecht)"
"643","Sint-Stevensabdij","http://nl.wikipedia.org/wiki/Sint-Stevensabdij_(Utrecht)"
"644","Sint-Servaasabdij","http://nl.wikipedia.org/wiki/Sint-Servaasabdij_(Utrecht)"
"645","Mariëndaal","http://nl.wikipedia.org/wiki/Mariëndaal_(Utrecht)"
"646","Renbaan Mereveld","http://nl.wikipedia.org/wiki/Renbaan_Mereveld"
"647","Huis Welgelegen","http://nl.wikipedia.org/wiki/Huis_Welgelegen_(Utrecht)"
"648","Hojelkazerne","http://nl.wikipedia.org/wiki/Hojelkazerne"
"649","Ganspoort","http://nl.wikipedia.org/wiki/Ganspoort"
"650","Kruitmolen nr. 8","http://nl.wikipedia.org/wiki/Kruitmolen_nr._8"
"651","Regulierenklooster","http://nl.wikipedia.org/wiki/Regulierenklooster_(Utrecht)"
"652","Van Sypesteynkazerne","http://nl.wikipedia.org/wiki/Van_Sypesteynkazerne"
"653","Den Hoet","http://nl.wikipedia.org/wiki/Den_Hoet"
"654","Schaffenburg","http://nl.wikipedia.org/wiki/Schaffenburg"
"656","Hof ter Weyde","http://nl.wikipedia.org/wiki/Hof_ter_Weyde"
"657","Pauluspoort","http://nl.wikipedia.org/wiki/Pauluspoort_(Utrecht)"
"658","Huis Rijnsweerd","http://nl.wikipedia.org/wiki/Huis_Rijnsweerd"
"659","Jaffa","http://nl.wikipedia.org/wiki/Jaffa_(buitenplaats)"
"660","Noorderbad","http://nl.wikipedia.org/wiki/Noorderbad_(Utrecht)"
"661","De Liesbosch","http://nl.wikipedia.org/wiki/De_Liesbosch_(zwembad)"
"662","Rotsoord","http://nl.wikipedia.org/wiki/Rotsoord_(buitenplaats)"
"663","Lubbenes","http://nl.wikipedia.org/wiki/Lubbenes"
"665","Roosendaal","http://nl.wikipedia.org/wiki/Roosendaal_(Utrecht)"
"666","Willemskazerne","http://nl.wikipedia.org/wiki/Willemskazerne_(Utrecht)"
"667","Willemsbrug","http://nl.wikipedia.org/wiki/Willemsbrug_(Utrecht)"
"668","Molenbrug","http://nl.wikipedia.org/wiki/Molenbrug_(Utrecht)"
"669","Catharijnebrug","http://nl.wikipedia.org/wiki/Catharijnebrug_(Utrecht)"
"670","Smakkelaarsbrug","http://nl.wikipedia.org/wiki/Smakkelaarsbrug"
"674","Mariawaterpoortje","http://nl.wikipedia.org/wiki/Mariawaterpoortje"
"675","Nieuwlicht","http://nl.wikipedia.org/wiki/Nieuwlicht_(Utrecht)"
"676","De Klaarwater","http://nl.wikipedia.org/wiki/De_Klaarwater"
"677","Zwembad De Krommerijn","http://nl.wikipedia.org/wiki/Zwembad_De_Krommerijn"
"678","Julianabrug","http://nl.wikipedia.org/wiki/Julianabrug_(Vaartsche_Rijn)"
"679","Begijnhof","http://nl.wikipedia.org/wiki/Begijnhof_(Utrecht)"
"680","Mariakerk","http://nl.wikipedia.org/wiki/Mariakerk_(Utrecht)"
"681","Sint-Martinuskerk","http://nl.wikipedia.org/wiki/Sint-Martinuskerk_(Utrecht)"
"682","Jacobuskerk","http://nl.wikipedia.org/wiki/Jacobuskerk_(Utrecht,_Bemuurde_Weerd)"
"683","Paulusabdij","http://nl.wikipedia.org/wiki/Paulusabdij_(Utrecht)"
"684","Onze-Lieve-Vrouw-ten-Hemelopnemingkerk","http://nl.wikipedia.org/wiki/Onze-Lieve-Vrouw-ten-Hemelopnemingkerk_(Utrecht)"
"685","Sint-Monicakerk","http://nl.wikipedia.org/wiki/Sint-Monicakerk_(Utrecht)"
"686","Sint-Pauluskerk","http://nl.wikipedia.org/wiki/Sint-Pauluskerk_(Utrecht)"
"687","Sint-Dominicuskerk","http://nl.wikipedia.org/wiki/Sint-Dominicuskerk_(Walsteegkerk)"
"688","Sint-Janskapel","http://nl.wikipedia.org/wiki/Sint-Janskapel_(Utrecht)"
"689","Kapelstraat 103","http://nl.wikipedia.org/wiki/Kapelstraat_103"
"690","Oosterkerk","http://nl.wikipedia.org/wiki/Oosterkerk_(Utrecht)"
"691","Sint-Ludgeruskerk","http://nl.wikipedia.org/wiki/Sint-Ludgeruskerk_(Utrecht)"
"692","Johannes de Doperkerk","http://nl.wikipedia.org/wiki/Johannes_de_Doperkerk_(Utrecht)"
"693","Onze-Lieve-Vrouw van Goede Raadkerk","http://nl.wikipedia.org/wiki/Onze-Lieve-Vrouw_van_Goede_Raadkerk_(Utrecht)"
"694","Sint-Bernarduskerk","http://nl.wikipedia.org/wiki/Sint-Bernarduskerk_(Utrecht)"
"695","Christus Koningkerk","http://nl.wikipedia.org/wiki/Christus_Koningkerk_(Utrecht)"
"696","Lucaskerk","http://nl.wikipedia.org/wiki/Lucaskerk_(Utrecht)"
"697","Julianakerk","http://nl.wikipedia.org/wiki/Julianakerk_(Utrecht)"
"698","Ellendigenkapel","http://nl.wikipedia.org/wiki/Ellendigenkapel"
"699","Oranjekerk","http://nl.wikipedia.org/wiki/Oranjekerk_(Utrecht)"
"700","Zuiderkerk","http://nl.wikipedia.org/wiki/Zuiderkerk_(Utrecht)"
"701","Begijnekerk","http://nl.wikipedia.org/wiki/Begijnekerk"
"702","Sint-Salvatorkerk","http://nl.wikipedia.org/wiki/Sint-Salvatorkerk_(Zuilen)"
"704","Sint-Nicolaaskerk","http://nl.wikipedia.org/wiki/Sint-Nicolaaskerk_(Utrecht)"
"705","Vaartkerk","http://nl.wikipedia.org/wiki/Vaartkerk_(Utrecht)"
"708","Heulestein","http://nl.wikipedia.org/wiki/Heulestein"
"709","Schurenburg","http://nl.wikipedia.org/wiki/Schurenburg"
"710","Waag","http://nl.wikipedia.org/wiki/Waag_(Montfoort)"
"711","Heeswijkerpoort","http://nl.wikipedia.org/wiki/Heeswijkerpoort"
"712","Willeskopperpoort","http://nl.wikipedia.org/wiki/Willeskopperpoort"
"713","Waterpoort","http://nl.wikipedia.org/wiki/Waterpoort_(Montfoort)"
"714","Lange Jan","http://nl.wikipedia.org/wiki/Lange_Jan_(Heerlen)"
"715","Huis Bree","http://nl.wikipedia.org/wiki/Huis_Bree"
"716","Lange Lies","http://nl.wikipedia.org/wiki/Lange_Lies"
"717","Prinsenhof","http://nl.wikipedia.org/wiki/Prinsenhof_(Venlo)"
"718","Gracht Burggraaf","http://nl.wikipedia.org/wiki/Gracht_Burggraaf_(mottekasteel)"
"719","Alte Burg","http://nl.wikipedia.org/wiki/Alte_Burg"
"720","Struyver","http://nl.wikipedia.org/wiki/Struyver"
"721","Eys","http://nl.wikipedia.org/wiki/Eys_(mottekasteel)"
"722","Oude raadhuis","http://nl.wikipedia.org/wiki/Oude_raadhuis_(Heerlen)"
"723","Maaspoort","http://nl.wikipedia.org/wiki/Maaspoort_(Venlo)"
"724","Keulsepoort","http://nl.wikipedia.org/wiki/Keulsepoort_(Venlo)"
"725","De Donck","http://nl.wikipedia.org/wiki/De_Donck_(Swolgen)"
"726","Vrijburg","http://nl.wikipedia.org/wiki/Vrijburg_(Venlo)"
"727","Romeinse villa Plasmolen","http://nl.wikipedia.org/wiki/Romeinse_villa_Plasmolen"
"728","Romeinse villa Kaalheide","http://nl.wikipedia.org/wiki/Romeinse_villa_Kaalheide"
"729","Romeinse villa Voerendaal-Ten Hove","http://nl.wikipedia.org/wiki/Romeinse_villa_Voerendaal-Ten_Hove"
"730","Romeinse villa Steenland","http://nl.wikipedia.org/wiki/Romeinse_villa_Steenland"
"731","Romeinse villa Ubachsberg","http://nl.wikipedia.org/wiki/Romeinse_villa_Ubachsberg"
"732","Romeinse villa Lemiers","http://nl.wikipedia.org/wiki/Romeinse_villa_Lemiers"
"733","Romeinse villa Landgraaf-Schaesberg","http://nl.wikipedia.org/wiki/Romeinse_villa_Landgraaf-Schaesberg"
"734","Romeinse villa Houthem-Rondenbos","http://nl.wikipedia.org/wiki/Romeinse_villa_Houthem-Rondenbos"
"735","Romeinse villa Nieuw Ehrenstein","http://nl.wikipedia.org/wiki/Romeinse_villa_Nieuw_Ehrenstein"
"736","Romeinse villa Bovenste Caumer","http://nl.wikipedia.org/wiki/Romeinse_villa_Bovenste_Caumer"
"737","Romeinse villa Kerkrade-Holzkuil","http://nl.wikipedia.org/wiki/Romeinse_villa_Kerkrade-Holzkuil"
"738","Romeinse villa Kerkrade-Hoeve Overste Hof","http://nl.wikipedia.org/wiki/Romeinse_villa_Kerkrade-Hoeve_Overste_Hof"
"739","Romeinse villa Bocholtz-Vlengendaal","http://nl.wikipedia.org/wiki/Romeinse_villa_Bocholtz-Vlengendaal"
"740","Romeinse villa Bocholtz-Dellender","http://nl.wikipedia.org/wiki/Romeinse_villa_Bocholtz-Dellender"
"741","Zuid-Limburgse boerderij uit Krawinkel","http://nl.wikipedia.org/wiki/Zuid-Limburgse_boerderij_uit_Krawinkel"
"742","Groene-kruisgebouw","http://nl.wikipedia.org/wiki/Groene-kruisgebouw_(Wessem)"
"743","Romeinse villa Rolduc","http://nl.wikipedia.org/wiki/Romeinse_villa_Rolduc"
"744","Baronsberg","http://nl.wikipedia.org/wiki/Baronsberg"
"745","Motte Epen","http://nl.wikipedia.org/wiki/Motte_Epen"
"746","Romeinse villa Meerssen-Onderste Herkenberg","http://nl.wikipedia.org/wiki/Romeinse_villa_Meerssen-Onderste_Herkenberg"
"747","Bollenberg","http://nl.wikipedia.org/wiki/Bollenberg"
"748","Koppelberg","http://nl.wikipedia.org/wiki/Koppelberg"
"749","Bolberg","http://nl.wikipedia.org/wiki/Bolberg_(Posterholt)"
"750","Stoel van Swentibold","http://nl.wikipedia.org/wiki/Stoel_van_Swentibold"
"751","Kasteel Hurpesch","http://nl.wikipedia.org/wiki/Kasteel_Hurpesch"
"752","Romeinse villa Valkenburg-Bosstraat","http://nl.wikipedia.org/wiki/Romeinse_villa_Valkenburg-Bosstraat"
"753","Romeinse villa Backerbosch","http://nl.wikipedia.org/wiki/Romeinse_villa_Backerbosch"
"754","Wachtpost Goudsberg","http://nl.wikipedia.org/wiki/Wachtpost_Goudsberg"
"755","Romeinse villa Groot Haasdal-Billich","http://nl.wikipedia.org/wiki/Romeinse_villa_Groot_Haasdal-Billich"
"756","Romeinse villa Valkenburg-Heihof","http://nl.wikipedia.org/wiki/Romeinse_villa_Valkenburg-Heihof"
"757","Romeinse villa Valkenburg-Vogelenzang","http://nl.wikipedia.org/wiki/Romeinse_villa_Valkenburg-Vogelenzang"
"758","Romeinse villa Simpelveld-De Molt","http://nl.wikipedia.org/wiki/Romeinse_villa_Simpelveld-De_Molt"
"759","Brusselsepoort","http://nl.wikipedia.org/wiki/Brusselsepoort_(Maastricht)"
"760","Station Mariënwaard","http://nl.wikipedia.org/wiki/Station_Mariënwaard"
"761","Station Vaeshartelt","http://nl.wikipedia.org/wiki/Station_Vaeshartelt"
"762","Halte Heer","http://nl.wikipedia.org/wiki/Halte_Heer"
"763","Station Maastricht Boschpoort","http://nl.wikipedia.org/wiki/Station_Maastricht_Boschpoort"
"764","Station Limmel","http://nl.wikipedia.org/wiki/Station_Limmel"
"765","De Thombe","http://nl.wikipedia.org/wiki/De_Thombe_(motte)"
"766","Sint-Nicolaaskerk","http://nl.wikipedia.org/wiki/Sint-Nicolaaskerk_(Maastricht)"
"767","Antonietenklooster","http://nl.wikipedia.org/wiki/Antonietenklooster_(Maastricht)"
"768","Molenpoort","http://nl.wikipedia.org/wiki/Molenpoort_(Maastricht)"
"769","Romeinse brug van Maastricht","http://nl.wikipedia.org/wiki/Romeinse_brug_van_Maastricht"
"770","Minderbroederspoort","http://nl.wikipedia.org/wiki/Minderbroederspoort_(Maastricht)"
"771","Gevangenpoort","http://nl.wikipedia.org/wiki/Gevangenpoort_(Maastricht)"
"772","Tweebergenpoort","http://nl.wikipedia.org/wiki/Tweebergenpoort"
"773","Sint-Pieterspoort","http://nl.wikipedia.org/wiki/Sint-Pieterspoort_(Maastricht)"
"774","Schoorsteen met waterreservoir","http://nl.wikipedia.org/wiki/Schoorsteen_met_waterreservoir_(Maastricht)"
"775","Lenculenpoort","http://nl.wikipedia.org/wiki/Lenculenpoort"
"776","Leugenpoort","http://nl.wikipedia.org/wiki/Leugenpoort"
"777","Dominicanenklooster","http://nl.wikipedia.org/wiki/Dominicanenklooster_(Maastricht)"
"778","Looierspoort","http://nl.wikipedia.org/wiki/Looierspoort_(Maastricht)"
"779","Duitse Poort","http://nl.wikipedia.org/wiki/Duitse_Poort_(Maastricht)"
"780","Augustijnenklooster","http://nl.wikipedia.org/wiki/Augustijnenklooster_(Maastricht)"
"781","Visserspoort","http://nl.wikipedia.org/wiki/Visserspoort_(Maastricht)"
"782","Romeinse villa Maastricht-Louwberg","http://nl.wikipedia.org/wiki/Romeinse_villa_Maastricht-Louwberg"
"783","Tongersepoort","http://nl.wikipedia.org/wiki/Tongersepoort_(Maastricht)"
"784","Sint-Maartenspoort","http://nl.wikipedia.org/wiki/Sint-Maartenspoort_(Maastricht)"
"785","Onze-Lieve-Vrouwepoort","http://nl.wikipedia.org/wiki/Onze-Lieve-Vrouwepoort_(Maastricht)"
"786","Lindenkruispoort","http://nl.wikipedia.org/wiki/Lindenkruispoort"
"787","Romeinse villa Borgharen-Pasestraat","http://nl.wikipedia.org/wiki/Romeinse_villa_Borgharen-Pasestraat"
"788","Jodenpoort","http://nl.wikipedia.org/wiki/Jodenpoort_(Maastricht)"
"789","Batpoort","http://nl.wikipedia.org/wiki/Batpoort"
"790","Sint Servaasbolwerk","http://nl.wikipedia.org/wiki/Sint_Servaasbolwerk_(Maastricht)"
"791","Commanderij Nieuwen Biesen","http://nl.wikipedia.org/wiki/Commanderij_Nieuwen_Biesen"
"792","Wycker Kruittoren","http://nl.wikipedia.org/wiki/Wycker_Kruittoren"
"793","Körverpoort","http://nl.wikipedia.org/wiki/Körverpoort"
"794","Boschpoort","http://nl.wikipedia.org/wiki/Boschpoort_(Maastricht)"
"795","Schuttenpoort","http://nl.wikipedia.org/wiki/Schuttenpoort"
"796","Veerlinxpoort","http://nl.wikipedia.org/wiki/Veerlinxpoort"
"797","Kruisherenhotel","http://nl.wikipedia.org/wiki/Kruisherenhotel"
"798","Antonius van Paduakerk","http://nl.wikipedia.org/wiki/Antonius_van_Paduakerk_(Nazareth,_Maastricht)"
"799","Natuurhistorisch Museum Maastricht","http://nl.wikipedia.org/wiki/Natuurhistorisch_Museum_Maastricht"
"800","Sint-Lambertuskerk","http://nl.wikipedia.org/wiki/Sint-Lambertuskerk_(Maastricht)"
"801","Bonbonnière","http://nl.wikipedia.org/wiki/Bonbonnière"
"802","Dominicanenkerk","http://nl.wikipedia.org/wiki/Dominicanenkerk_(Maastricht)"
"803","Sint-Nicolaaskerk","http://nl.wikipedia.org/wiki/Sint-Nicolaaskerk_(Maastricht)"
"804","Tweede Minderbroedersklooster","http://nl.wikipedia.org/wiki/Tweede_Minderbroedersklooster"
"805","Kloosterkapel Zusters Ursulinen","http://nl.wikipedia.org/wiki/Kloosterkapel_Zusters_Ursulinen_(Maastricht)"
"806","Beyart","http://nl.wikipedia.org/wiki/Beyart"
"808","Sint-Hubertuskerk","http://nl.wikipedia.org/wiki/Sint-Hubertuskerk_(Maastricht)"
"809","Sint-Andrieskerk","http://nl.wikipedia.org/wiki/Sint-Andrieskerk_(Maastricht)"
"810","Oude Minderbroederskerk","http://nl.wikipedia.org/wiki/Oude_Minderbroederskerk_(Maastricht)"
"811","Sterrepleinkerk","http://nl.wikipedia.org/wiki/Sterrepleinkerk"
"812","Lutherse kerk","http://nl.wikipedia.org/wiki/Lutherse_kerk_(Maastricht)"
"813","Bonnefantenklooster","http://nl.wikipedia.org/wiki/Bonnefantenklooster_(Maastricht)"
"815","Augustijnenkerk","http://nl.wikipedia.org/wiki/Augustijnenkerk_(Maastricht)"
"816","Valkenstijn","http://nl.wikipedia.org/wiki/Valkenstijn"
"817","Klinkenberg","http://nl.wikipedia.org/wiki/Klinkenberg_(Gees)"
"818","Watertoren","http://nl.wikipedia.org/wiki/Watertoren_(Assen_Rolderstraat)"
"819","Batinge","http://nl.wikipedia.org/wiki/Batinge"
"820","Vloonust","http://nl.wikipedia.org/wiki/Vloonust"
"821","Westrup","http://nl.wikipedia.org/wiki/Westrup_(havezate_in_Westdorp)"
"823","Huis te Ansen","http://nl.wikipedia.org/wiki/Huis_te_Ansen"
"824","Den Hof","http://nl.wikipedia.org/wiki/Den_Hof"
"825","Oude gemeentehuis Emmen","http://nl.wikipedia.org/wiki/Oude_gemeentehuis_Emmen"
"826","Huis Windenburg","http://nl.wikipedia.org/wiki/Huis_Windenburg"
"827","Kasteel van Sint-Maartensdijk","http://nl.wikipedia.org/wiki/Kasteel_van_Sint-Maartensdijk"
"830","Kennemerpoort","http://nl.wikipedia.org/wiki/Nieuwpoort_(Haarlem)"
"831","Tolsteegpoort","http://nl.wikipedia.org/wiki/Tolsteegpoorten"
"836","Station Willemspoort","https://nl.wikipedia.org/wiki/Station_Amsterdam_Willemspoort"
"847","Schiedamse Poort","http://nl.wikipedia.org/wiki/Schiedamse_Poort"
"852","Gevangenpoort","https://nl.wikipedia.org/wiki/Oude_Oosterpoort"
"907","Korsjespoort","https://nl.wikipedia.org/wiki/Korsjespoort"
"984","Passage Bioscoop","https://nl.wikipedia.org/wiki/Passage_Bioscoop"
"3673","Buitenrust","https://nl.wikipedia.org/wiki/Buitenrust_(buitenplaats)"
"3771","Emma Kinderziekenhuis","https://nl.wikipedia.org/wiki/Emma_Kinderziekenhuis"
"1261","Willibrordus buiten de Veste","https://nl.wikipedia.org/wiki/Sint-Willibrorduskerk_buiten_de_Veste"
"1283","Koepelkerk","https://nl.wikipedia.org/wiki/Koepelkerk_(Amsterdam)"
"2996","Begijnekerk","http://nl.wikipedia.org/wiki/Begijnekerk"
"3012","Christus Koning","http://nl.wikipedia.org/wiki/Christus_Koningkerk_(Utrecht)"
"3432","De Liesbosch","https://nl.wikipedia.org/wiki/De_Liesbosch_%28buitenplaats%29"
"3569","Villa Peapark","https://nl.wikipedia.org/wiki/Peapark"
"3573","Witte poort","https://nl.wikipedia.org/wiki/Witte_Poort_(Leiden)"
"3577","Blauwe Poort","http://nl.wikipedia.org/wiki/Blauwpoort"
"3581","Oude Koepoort","http://nl.wikipedia.org/wiki/Koepoort_(Leiden)"
"3583","Marepoort","http://nl.wikipedia.org/wiki/Marepoort"
"3584","Hogewoerdsbinnenpoort","https://nl.wikipedia.org/wiki/Hogewoerdsbinnenpoort"
"3585","Koepoort","https://nl.wikipedia.org/wiki/Koepoort_(Leiden)"
"3674","Watertoren Leeuwarden, Schrans","https://nl.wikipedia.org/wiki/Watertoren_(Leeuwarden_Schrans)"
"3675","Watertoren Wageningen, Belvedère","https://nl.wikipedia.org/wiki/Watertoren_(Wageningen_Belved%C3%A8re)"
"3676","Watertoren Groningen, Hereweg","https://nl.wikipedia.org/wiki/Watertoren_(Groningen_Hereweg)"
"3677","Watertoren Winschoten","https://nl.wikipedia.org/wiki/Watertoren_(Winschoten)"
"3678","Watertoren Brunssum","https://nl.wikipedia.org/wiki/Watertoren_(Brunssum)"
"3679","Watertoren Heerlen, Heerlerbaan","https://nl.wikipedia.org/wiki/Watertoren_(Heerlen_Heerlerbaan)"
"3680","Watertoren Roermond (1898)","https://nl.wikipedia.org/wiki/Oude_watertoren_(Roermond)"
"3681","Watertoren Venlo","https://nl.wikipedia.org/wiki/Watertoren_(Venlo)"
"3682","Watertoren Eindhoven, Willem Elsschotlaan","https://nl.wikipedia.org/wiki/Watertoren_(Eindhoven_Willem_Elsschotlaan)"
"3683","Watertoren Halsteren, Vrederust","https://nl.wikipedia.org/wiki/Vrederust_(Halsteren)"
"3684","Watertoren Hooge Zwaluwe","https://nl.wikipedia.org/wiki/Watertoren_(Hooge_Zwaluwe)"
"3686","Watertoren Udenhout, huize Assisië","https://nl.wikipedia.org/wiki/Watertoren_(Udenhout_Assisi%C3%AB)"
"3687","Watertoren Amsterdam, Westergasfabriek","https://nl.wikipedia.org/wiki/Watertoren_(Amsterdam_Westergasfabriek)"
"3688","Watertoren Amsterdam, Nieuwer-Amstel","https://nl.wikipedia.org/wiki/Watertoren_(Amsterdam_Nieuwer-Amstel)"
"3689","Watertoren Watergraafsmeer","https://nl.wikipedia.org/wiki/Watertoren_(Amsterdam_Watergraafsmeer)"
"3690","Watertoren Amsterdam, Sloten","https://nl.wikipedia.org/wiki/Watertoren_(Amsterdam_Sloten)"
"3692","Watertoren Egmond aan Zee","https://nl.wikipedia.org/wiki/Watertoren_(Egmond_aan_Zee)"
"3693","Watertoren Hoorn","https://nl.wikipedia.org/wiki/Watertoren_(Hoorn)"
"3694","Watertoren","https://nl.wikipedia.org/wiki/Watertoren_(Wormer_Van_Gelder)"
"3695","Zandvoort, oude watertoren","https://nl.wikipedia.org/wiki/Oude_watertoren_(Zandvoort)"
"3696","Almelo, oude watertoren","https://nl.wikipedia.org/wiki/Oude_watertoren_(Almelo)"
"3697","Watertoren Anna Jacobapolder","https://nl.wikipedia.org/wiki/Watertoren_(Anna_Jacobapolder)"
"3699","Watertoren Goes, van Hertumweg","https://nl.wikipedia.org/wiki/Watertoren_(Goes_van_Hertumweg)"
"3700","Oude watertoren","https://nl.wikipedia.org/wiki/Oude_watertoren_(Oostburg)"
"3701","Watertoren Terneuzen","https://nl.wikipedia.org/wiki/Watertoren_(Terneuzen)"
"3702","Watertoren Zierikzee","https://nl.wikipedia.org/wiki/Watertoren_(Zierikzee)"
"3703","Watertoren Alblasserdam","https://nl.wikipedia.org/wiki/Watertoren_(Alblasserdam)"
"3704","Watertoren Hendrik-Ido-Ambacht","https://nl.wikipedia.org/wiki/Watertoren_(Hendrik-Ido-Ambacht)"
"3705","Watertoren Maassluis","https://nl.wikipedia.org/wiki/Watertoren_(Maassluis)"
"3708","Watertoren","https://nl.wikipedia.org/wiki/Watertoren_(Slikkerveer)"
"3709","Watertoren","https://nl.wikipedia.org/wiki/Watertoren_(Rijsoord)"
"3711","Oude watertoren","https://nl.wikipedia.org/wiki/Oude_watertoren_(Vlaardingen)"
"3712","Watertoren","https://nl.wikipedia.org/wiki/Watertoren_(Voorburg)"
"3717","Bijenkorf","https://nl.wikipedia.org/wiki/De_Bijenkorf_%28Rotterdam_1930%29"
"3736","Hotel Polen","https://nl.wikipedia.org/wiki/Brand_in_Hotel_Polen"
"3766","Gerrit Rietveld College","https://nl.wikipedia.org/wiki/Gerrit_Rietveld_College"
"3772","AZU gebouw 2","https://nl.wikipedia.org/wiki/Academisch_Ziekenhuis_Utrecht"
"3775","De Baandert","https://nl.wikipedia.org/wiki/De_Baandert_%28stadion%29"
